Workbook

Sheet Guideline
A1: Guideline to make and understand Unit Test Case
A3: 1. Overview
A4: - In the template, Unit test cases are based on functions. Each sheet presents test cases for one function.
A5: - Cover: General information of the project and Unit Test cases
A6: - FunctionList: The list of Classes and Functions in the document. + To control that the number of Unit TC meets customer's requirement or the norm, user should fill value for 'Normal number of Test cases/KLOC'.
A7: + Click on Function link to open the related Test cases of the function. Note: You should create new Function sheet before creating the link
A8: - Test Report: provive the overview results of Functions Unit test: Test coverage, Test successful coverage (Summary, for normal/abnormal/boundary cases)
A9: Note: Should check the formula of "Sub Total" if you add more functions
A11: 2. Content in Test function sheet
A12: 2.1 Combination of test cases.
A13: - To verify that number of Unit TC meets customer's requirement or not. User has to fill number LOC of tested function and fill value of 'Normal number test cases/KLOC' item in FunctionList sheet, which is required by customer or normal value. The number of lacked TC is shown in 'Lack of test cases' item.
A14: - If the number of Unit TC does not meet the requirement, creator should explain the reasons.
... A47: - Test requirement: Brief description about requirements which are tested in this function, it is not mandatory.

Sheet Cover
B2: UNIT TEST DOCUMENT
A4: Project Name | B4: IQGS – AI-Powered Interview Question Generation System Using RAG and LLM – A Dual-Sided Platform for HR and Job Seekers | E4: Creator | F4: NamNM
A5: Project Code | B5: SU26SE102 | E5: Issue Date | F5: 15/09/2026
A6: Document Code | B6: =B5&"_"&"Unit Test Report"&"_"&"v0.3.0" -> SU26SE102_Unit Test Report_v0.3.0 | E6: Version | F6: 0.3.0
A9: Record of change
A10: Effective Date | B10: Version | C10: Change Item | D10: *A,D,M | E10: Change description | F10: Reference
A11: 02/06/2026 | B11: 0.0.1 | D11: A | E11: Add project information and record of change table
A12: 16/08/2026 | B12: 0.2.0 | C12: Cover title | D12: M | E12: Retitled from "UNIT TEST DOCUMENT" to "UNIT & API TEST DOCUMENT", the workbook documents both FE Vitest scenarios and 18 real BE (RAG_IQGS) API test scenarios, not FE unit tests alone.
A13: 10/09/2026 | B13: 0.2.1 | C13: Scenario notes | D13: M | E13: Annotated 3 scenarios whose automated Vitest coverage was removed 2026-09-10 (ApplyPlanSettingsTimeout/UTCID02, SampleJdModalCopyUse/UTCID02, StudioChatRefineMultiTurn — see each sheet's own Note row) after cross-referencing actual UTCID conditions, not just ID-number similarity — this workbook's FE_RAG_0XX scenario IDs do not correspond 1:1 to the Vitest RAG0XX IDs in tests/unit/. Two other removed automated tests were checked and deliberately NOT annotated: RAG029-2 (studio-flow.test.tsx) was an ad-hoc code-review regression test with no corresponding scenario sheet in this workbook to begin with; RAG030-1 (studio-flow.test.tsx, settings-toggle persistence) does not match StudioGenerationSettingsToggles, whose UTCIDs verify generated-question content reflects the toggles, a different mechanism than the removed test's settings-PUT-call assertion. Historical Passed/Failed data on all sheets is left untouched. | F13: TestExecutionGuide.docx; Report5_Test_Report.xlsx
A14: 12/09/2026 | B14: 0.2.2 | C14: Timeout5xxFriendlyMessage; FE_ACT_001 | D14: M | E14: Updated FE_RAGAUTH_011 after the 10/09/2026 merge: timeouts and 5xx now surface friendly localized copy (NETWORK/SERVER_ERROR_MESSAGES in error.interceptor.ts), so the scenario was renamed Timeout5xxFriendlyMessage and UTCID01-03 expectations rewritten; 429 still has no dedicated handling. Flagged FE_ACT_001 as covering the /admin/content page deleted in 0ff281f. | F14: error.interceptor.ts; Report5_Test_Report.xlsx
A15: 13/09/2026 | B15: 0.2.3 | C15: Unit test reduction | D15: M, D | E15: Synced with the reduced Vitest suite (529 -> 470 test cases): removed 7 scenarios for code the app no longer uses (NormalizePathname, GetLoginWelcomeRoleFromRedirect, SaveAndGetLocalSession, PatchAndUpdateLocalSession, ToGenerationSessionAndMalformed, ValidateAvatarFile, ContentTableRowAndDeadDeleteBut); trimmed UTCIDs to one per branch in 10 scenarios; renamed SortAndInjectJdCitation to InjectJdCitationForDisplay and BadgeClassAndCategoryLabelHelpers to FormatCategoryLabel; corrected the GetRoleRedirect default route to /candidate. | F15: tests/unit; Report5_Test_Report.xlsx
A16: 15/09/2026 | B16: 0.3.0 | C16: Unit test workbook | D16: A, M, D | E16: Rebuilt from executed tests only: 19 frontend functions (161 test cases, Vitest run 15/09/2026) and 38 backend application-layer functions (232 test cases, xUnit run 15/09/2026); every UTCID is a real test with its result and executed date. Restored the template header rows (Function Code/Name, Created By, Executed By, Lines of code, Lack of test cases, COUNTIF counters). The previous scenario sheets were replaced: UI scenarios are now functional test cases in Report5_Test_Report.xlsx, scenarios without a current automated test were removed, and the 18 RAG Service API scenarios moved to Report5_Test_Report.xlsx (Pending). | F16: Report5_Test_Report.xlsx; tests/unit; ApplicationLayer.UnitTests

Sheet Functions
E2: Function List
A4: Project Name | E4: =Cover!B4 -> IQGS – AI-Powered Interview Question Generation System Using RAG and LLM – A Dual-Sided Platform for HR and Job Seekers
A5: Project Code | E5: =Cover!B5 -> SU26SE102
A6: Normal number of Test cases/KLOC | E6: 100
A7: Test Environment Setup Description | E7: 1. Server: not required - all tests run locally (Windows 11 developer machine). 2. Frontend unit tests: Node.js 24, Vitest 4.1 with jsdom 29 - command: npx vitest run (logic-only test files). 3. Backend unit tests: .NET SDK 10.0.303, test project ApplicationLayer.UnitTests (net8.0, xUnit 2.9.2) - command: dotnet test ApplicationLayer.UnitTests. 4. Database: not required - repositories and usage metering are replaced by in-memory fakes. 5. Web browser: not required.
A10: No | B10: Requirement Name | C10: Class Name | D10: Function Name | E10: Function Code(Optional) | F10: Sheet Name | G10: Description | H10: Pre-Condition
A11: 1 | B11: REQ-FE-AUTH Session & Access Handling | C11: auth.interceptor.ts | D11: attachAuthInterceptor | E11: FE-AUTH-01 | F11: FE-AuthInterceptor | G11: Axios interceptor: on 401 refreshes the access token once, retries the request, shares one refresh between concurrent 401s, and clears auth + redirects to /login when the session cannot be refreshed. | H11: Axios client created with attachAuthInterceptor(); Access token "expired.jwt.token" and a refresh token are stored; current page /hr/generate-question/manual
A12: 2 | B12: REQ-FE-AUTH Session & Access Handling | C12: error.interceptor.ts | D12: extractErrorMessage | E12: FE-AUTH-02 | F12: FE-ExtractErrorMessage | G12: Turn an API error into the message shown to the user: canned text for known error codes, the server message when present, friendly text for bare 5xx and a generic fallback. | H12: Pure function, no mocks
A13: 3 | B13: REQ-FE-AUTH Session & Access Handling | C13: permissions.ts | D13: setAuth / isAuthenticated / clearAuth / setUserRole / getUserRole | E13: FE-AUTH-03 | F13: FE-AuthState | G13: Keep the login state and role in localStorage and clear role, tokens and cached profile together on logout. | H13: localStorage is empty before each test
A14: 4 | B14: REQ-FE-AUTH Session & Access Handling | C14: permissions.ts | D14: getRoleRedirect / extractRole | E14: FE-AUTH-04 | F14: FE-RoleRedirectExtractRole | G14: Pick the landing page for a role and read the role from a login response (direct field, nested data, or JWT payload). | H14: Pure functions, no mocks
A15: 5 | B15: REQ-FE-STU Studio Question Display | C15: citation-display.ts | D15: isJdCitation / citationsForDisplay / formatCitationExcerpt / citationDisplayName | E15: FE-STU-01 | F15: FE-CitationDisplay | G15: Prepare question citations for display: detect the JD source, add a JD row when missing, shorten excerpts and show readable source names. | H15: Pure functions, no mocks
A16: 6 | B16: REQ-FE-STU Studio Question Display | C16: question-template-infer.ts | D16: inferStudioTemplate (template detection) | E16: FE-STU-02 | F16: FE-InferTemplate-Detect | G16: Detect the code template of a Studio question from its explicit template, content keywords, scoring rubric, type or snippet. | H16: Base question: Technical, Medium, no expected answer or rubric unless stated
A17: 7 | B17: REQ-FE-STU Studio Question Display | C17: question-template-infer.ts | D17: inferStudioTemplate (snippet & meta) | E17: FE-STU-03 | F17: FE-InferTemplate-Snippet | G17: Extract the code snippet (codeSnippet or fenced block, never expectedAnswer) and read language, image hint, diagram hint and attached image meta. | H17: Base question: Technical, Medium; neutral content unless stated
A18: 8 | B18: REQ-FE-STU Studio Question Display | C18: question-template-infer.ts | D18: inferGeneratedQuestionTemplate | E18: FE-STU-04 | F18: FE-InferGeneratedTemplate | G18: Map a saved (History/Review) question to the Studio template view model using its type, difficulty and rationale/rubric meta. | H18: Pure function, no mocks
A19: 9 | B19: REQ-FE-GAM Gamification Display | C19: gamification-formatters.ts | D19: formatXp / getLevelLabel / getLevelColorClass / getLevelBarColor / streakIntensity / xpRewardTypeLabel | E19: FE-GAM-01 | F19: FE-GamificationFormatters | G19: Format XP numbers and map levels, streaks and XP reward types to labels and colours. | H19: Pure functions, no mocks
A20: 10 | B20: REQ-FE-GAM Gamification Display | C20: gamification-formatters.ts | D20: timeAgo | E20: FE-GAM-02 | F20: FE-TimeAgo | G20: Show how long ago an XP event happened, in English and Vietnamese. | H20: System time fixed at 15/06/2026 12:00 UTC
A21: 11 | B21: REQ-FE-CAN Candidate Practice Display | C21: practice-streak.ts | D21: computeStreakDays | E21: FE-CAN-01 | F21: FE-ComputeStreakDays | G21: Count the consecutive practice days (ending today or yesterday) shown on the candidate dashboard. | H21: Session timestamps built relative to the real current date
A22: 12 | B22: REQ-FE-CAN Candidate Practice Display | C22: skill-labels.ts / company-visual.ts / pill.tsx | D22: translateDimensionKey / translateQuestionCategory / getCompanyInitials / getCompanyColor / formatCategoryLabel / getScoreBadgeClass / getScoreLevel | E22: FE-CAN-02 | F22: FE-LabelsCompanyScore | G22: Translate skill/category labels, build company initials and colours, and pick the score label and badge colour. | H22: Pure functions, no mocks
... A67: 57 | B67: REQ-BE-SUB Subscription Gates | C67: SubscriptionGateService | D67: CheckCoachGenerationAsync / CheckGeneratePersonalSetAsync | E67: BE-SUB-03 | F67: BE-GateCandidateCoach | G67: Allow the candidate AI Coach and personal question sets only on the Premium plan, trusting the plan code over a stale limits snapshot. | H67: Usage metering is an in-memory fake; limits snapshot = Candidate Free

Sheet Statistics
A2: UNIT TEST REPORT
A4: Project Name | B4: =Cover!B4 -> IQGS – AI-Powered Interview Question Generation System Using RAG and LLM – A Dual-Sided Platform for HR and Job Seekers | D4: Creator | F4: NamNM
A5: Project Code | B5: =Cover!B5 -> SU26SE102 | D5: Reviewer/Approver
A6: Document Code | B6: =B5&"_"&"Unit Test Report"&"_"&"v0.3.0" -> SU26SE102_Unit Test Report_v0.3.0 | D6: Issue Date | F6: 15/09/2026
A7: Notes | B7: This release covers 2 modules: Frontend logic (19 functions, 161 test cases, Vitest) and Backend application layer (38 functions, 232 test cases, xUnit). All test cases were executed on 15/09/2026 by Hoàng Đăng Khoa. UI component behaviour is reported as functional test cases in Report5_Test_Report.xlsx.
A11: No | B11: Function code | C11: Passed | D11: Failed | E11: Untested | F11: N | G11: A | H11: B | I11: Total Test Cases
A12: 1 | B12: FE-AUTH-01 | C12: ='FE-AuthInterceptor'!A7 -> 11 | D12: ='FE-AuthInterceptor'!C7 -> 0 | E12: ='FE-AuthInterceptor'!F7 -> 0 | F12: ='FE-AuthInterceptor'!L7 -> 3 | G12: ='FE-AuthInterceptor'!M7 -> 6 | H12: ='FE-AuthInterceptor'!N7 -> 2 | I12: ='FE-AuthInterceptor'!O7 -> 11
A13: 2 | B13: FE-AUTH-02 | C13: ='FE-ExtractErrorMessage'!A7 -> 4 | D13: ='FE-ExtractErrorMessage'!C7 -> 0 | E13: ='FE-ExtractErrorMessage'!F7 -> 0 | F13: ='FE-ExtractErrorMessage'!L7 -> 2 | G13: ='FE-ExtractErrorMessage'!M7 -> 1 | H13: ='FE-ExtractErrorMessage'!N7 -> 1 | I13: ='FE-ExtractErrorMessage'!O7 -> 4
A14: 3 | B14: FE-AUTH-03 | C14: ='FE-AuthState'!A7 -> 4 | D14: ='FE-AuthState'!C7 -> 0 | E14: ='FE-AuthState'!F7 -> 0 | F14: ='FE-AuthState'!L7 -> 4 | G14: ='FE-AuthState'!M7 -> 0 | H14: ='FE-AuthState'!N7 -> 0 | I14: ='FE-AuthState'!O7 -> 4
A15: 4 | B15: FE-AUTH-04 | C15: ='FE-RoleRedirectExtractRole'!A7 -> 11 | D15: ='FE-RoleRedirectExtractRole'!C7 -> 0 | E15: ='FE-RoleRedirectExtractRole'!F7 -> 0 | F15: ='FE-RoleRedirectExtractRole'!L7 -> 7 | G15: ='FE-RoleRedirectExtractRole'!M7 -> 2 | H15: ='FE-RoleRedirectExtractRole'!N7 -> 2 | I15: ='FE-RoleRedirectExtractRole'!O7 -> 11
A16: 5 | B16: FE-STU-01 | C16: ='FE-CitationDisplay'!A7 -> 7 | D16: ='FE-CitationDisplay'!C7 -> 0 | E16: ='FE-CitationDisplay'!F7 -> 0 | F16: ='FE-CitationDisplay'!L7 -> 5 | G16: ='FE-CitationDisplay'!M7 -> 0 | H16: ='FE-CitationDisplay'!N7 -> 2 | I16: ='FE-CitationDisplay'!O7 -> 7
A17: 6 | B17: FE-STU-02 | C17: ='FE-InferTemplate-Detect'!A7 -> 13 | D17: ='FE-InferTemplate-Detect'!C7 -> 0 | E17: ='FE-InferTemplate-Detect'!F7 -> 0 | F17: ='FE-InferTemplate-Detect'!L7 -> 10 | G17: ='FE-InferTemplate-Detect'!M7 -> 1 | H17: ='FE-InferTemplate-Detect'!N7 -> 2 | I17: ='FE-InferTemplate-Detect'!O7 -> 13
A18: 7 | B18: FE-STU-03 | C18: ='FE-InferTemplate-Snippet'!A7 -> 12 | D18: ='FE-InferTemplate-Snippet'!C7 -> 0 | E18: ='FE-InferTemplate-Snippet'!F7 -> 0 | F18: ='FE-InferTemplate-Snippet'!L7 -> 6 | G18: ='FE-InferTemplate-Snippet'!M7 -> 3 | H18: ='FE-InferTemplate-Snippet'!N7 -> 3 | I18: ='FE-InferTemplate-Snippet'!O7 -> 12
A19: 8 | B19: FE-STU-04 | C19: ='FE-InferGeneratedTemplate'!A7 -> 3 | D19: ='FE-InferGeneratedTemplate'!C7 -> 0 | E19: ='FE-InferGeneratedTemplate'!F7 -> 0 | F19: ='FE-InferGeneratedTemplate'!L7 -> 2 | G19: ='FE-InferGeneratedTemplate'!M7 -> 0 | H19: ='FE-InferGeneratedTemplate'!N7 -> 1 | I19: ='FE-InferGeneratedTemplate'!O7 -> 3
A20: 9 | B20: FE-GAM-01 | C20: ='FE-GamificationFormatters'!A7 -> 14 | D20: ='FE-GamificationFormatters'!C7 -> 0 | E20: ='FE-GamificationFormatters'!F7 -> 0 | F20: ='FE-GamificationFormatters'!L7 -> 2 | G20: ='FE-GamificationFormatters'!M7 -> 0 | H20: ='FE-GamificationFormatters'!N7 -> 12 | I20: ='FE-GamificationFormatters'!O7 -> 14
A21: 10 | B21: FE-GAM-02 | C21: ='FE-TimeAgo'!A7 -> 10 | D21: ='FE-TimeAgo'!C7 -> 0 | E21: ='FE-TimeAgo'!F7 -> 0 | F21: ='FE-TimeAgo'!L7 -> 8 | G21: ='FE-TimeAgo'!M7 -> 0 | H21: ='FE-TimeAgo'!N7 -> 2 | I21: ='FE-TimeAgo'!O7 -> 10
A22: 11 | B22: FE-CAN-01 | C22: ='FE-ComputeStreakDays'!A7 -> 8 | D22: ='FE-ComputeStreakDays'!C7 -> 0 | E22: ='FE-ComputeStreakDays'!F7 -> 0 | F22: ='FE-ComputeStreakDays'!L7 -> 2 | G22: ='FE-ComputeStreakDays'!M7 -> 3 | H22: ='FE-ComputeStreakDays'!N7 -> 3 | I22: ='FE-ComputeStreakDays'!O7 -> 8
A23: 12 | B23: FE-CAN-02 | C23: ='FE-LabelsCompanyScore'!A7 -> 9 | D23: ='FE-LabelsCompanyScore'!C7 -> 0 | E23: ='FE-LabelsCompanyScore'!F7 -> 0 | F23: ='FE-LabelsCompanyScore'!L7 -> 5 | G23: ='FE-LabelsCompanyScore'!M7 -> 1 | H23: ='FE-LabelsCompanyScore'!N7 -> 3 | I23: ='FE-LabelsCompanyScore'!O7 -> 9
A24: 13 | B24: FE-ADM-01 | C24: ='FE-AdminUserDisplay'!A7 -> 13 | D24: ='FE-AdminUserDisplay'!C7 -> 0 | E24: ='FE-AdminUserDisplay'!F7 -> 0 | F24: ='FE-AdminUserDisplay'!L7 -> 8 | G24: ='FE-AdminUserDisplay'!M7 -> 2 | H24: ='FE-AdminUserDisplay'!N7 -> 3 | I24: ='FE-AdminUserDisplay'!O7 -> 13
A25: 14 | B25: FE-SHR-01 | C25: ='FE-GreetingLoginWelcome'!A7 -> 8 | D25: ='FE-GreetingLoginWelcome'!C7 -> 0 | E25: ='FE-GreetingLoginWelcome'!F7 -> 0 | F25: ='FE-GreetingLoginWelcome'!L7 -> 2 | G25: ='FE-GreetingLoginWelcome'!M7 -> 1 | H25: ='FE-GreetingLoginWelcome'!N7 -> 5 | I25: ='FE-GreetingLoginWelcome'!O7 -> 8
A26: 15 | B26: FE-SHR-02 | C26: ='FE-FormatRelativeTime'!A7 -> 9 | D26: ='FE-FormatRelativeTime'!C7 -> 0 | E26: ='FE-FormatRelativeTime'!F7 -> 0 | F26: ='FE-FormatRelativeTime'!L7 -> 6 | G26: ='FE-FormatRelativeTime'!M7 -> 1 | H26: ='FE-FormatRelativeTime'!N7 -> 2 | I26: ='FE-FormatRelativeTime'!O7 -> 9
A27: 16 | B27: FE-SHR-03 | C27: ='FE-NavUserDisplay'!A7 -> 8 | D27: ='FE-NavUserDisplay'!C7 -> 0 | E27: ='FE-NavUserDisplay'!F7 -> 0 | F27: ='FE-NavUserDisplay'!L7 -> 4 | G27: ='FE-NavUserDisplay'!M7 -> 2 | H27: ='FE-NavUserDisplay'!N7 -> 2 | I27: ='FE-NavUserDisplay'!O7 -> 8
A28: 17 | B28: FE-SHR-04 | C28: ='FE-UrlAvatarMessages'!A7 -> 7 | D28: ='FE-UrlAvatarMessages'!C7 -> 0 | E28: ='FE-UrlAvatarMessages'!F7 -> 0 | F28: ='FE-UrlAvatarMessages'!L7 -> 3 | G28: ='FE-UrlAvatarMessages'!M7 -> 3 | H28: ='FE-UrlAvatarMessages'!N7 -> 1 | I28: ='FE-UrlAvatarMessages'!O7 -> 7
A29: 18 | B29: FE-SUB-01 | C29: ='FE-SubscriptionRealtime'!A7 -> 6 | D29: ='FE-SubscriptionRealtime'!C7 -> 0 | E29: ='FE-SubscriptionRealtime'!F7 -> 0 | F29: ='FE-SubscriptionRealtime'!L7 -> 3 | G29: ='FE-SubscriptionRealtime'!M7 -> 2 | H29: ='FE-SubscriptionRealtime'!N7 -> 1 | I29: ='FE-SubscriptionRealtime'!O7 -> 6
A30: 19 | B30: FE-SUB-02 | C30: ='FE-CandidatePlanCache'!A7 -> 4 | D30: ='FE-CandidatePlanCache'!C7 -> 0 | E30: ='FE-CandidatePlanCache'!F7 -> 0 | F30: ='FE-CandidatePlanCache'!L7 -> 2 | G30: ='FE-CandidatePlanCache'!M7 -> 1 | H30: ='FE-CandidatePlanCache'!N7 -> 1 | I30: ='FE-CandidatePlanCache'!O7 -> 4
A31: 20 | B31: BE-CAN-01 | C31: ='BE-CvCoachPromptBuilder'!A7 -> 3 | D31: ='BE-CvCoachPromptBuilder'!C7 -> 0 | E31: ='BE-CvCoachPromptBuilder'!F7 -> 0 | F31: ='BE-CvCoachPromptBuilder'!L7 -> 3 | G31: ='BE-CvCoachPromptBuilder'!M7 -> 0 | H31: ='BE-CvCoachPromptBuilder'!N7 -> 0 | I31: ='BE-CvCoachPromptBuilder'!O7 -> 3
A32: 21 | B32: BE-CAN-02 | C32: ='BE-SkillPlanResolveStatus'!A7 -> 1 | D32: ='BE-SkillPlanResolveStatus'!C7 -> 0 | E32: ='BE-SkillPlanResolveStatus'!F7 -> 0 | F32: ='BE-SkillPlanResolveStatus'!L7 -> 0 | G32: ='BE-SkillPlanResolveStatus'!M7 -> 0 | H32: ='BE-SkillPlanResolveStatus'!N7 -> 1 | I32: ='BE-SkillPlanResolveStatus'!O7 -> 1
A33: 22 | B33: BE-CAN-03 | C33: ='BE-SkillMatchHelper'!A7 -> 3 | D33: ='BE-SkillMatchHelper'!C7 -> 0 | E33: ='BE-SkillMatchHelper'!F7 -> 0 | F33: ='BE-SkillMatchHelper'!L7 -> 2 | G33: ='BE-SkillMatchHelper'!M7 -> 0 | H33: ='BE-SkillMatchHelper'!N7 -> 1 | I33: ='BE-SkillMatchHelper'!O7 -> 3
A34: 23 | B34: BE-GAM-01 | C34: ='BE-AchievementRules'!A7 -> 9 | D34: ='BE-AchievementRules'!C7 -> 0 | E34: ='BE-AchievementRules'!F7 -> 0 | F34: ='BE-AchievementRules'!L7 -> 1 | G34: ='BE-AchievementRules'!M7 -> 0 | H34: ='BE-AchievementRules'!N7 -> 8 | I34: ='BE-AchievementRules'!O7 -> 9
A35: 24 | B35: BE-GAM-02 | C35: ='BE-LevelCalculator-Level'!A7 -> 15 | D35: ='BE-LevelCalculator-Level'!C7 -> 0 | E35: ='BE-LevelCalculator-Level'!F7 -> 0 | F35: ='BE-LevelCalculator-Level'!L7 -> 0 | G35: ='BE-LevelCalculator-Level'!M7 -> 0 | H35: ='BE-LevelCalculator-Level'!N7 -> 15 | I35: ='BE-LevelCalculator-Level'!O7 -> 15
A36: 25 | B36: BE-GAM-03 | C36: ='BE-LevelCalculator-Xp'!A7 -> 15 | D36: ='BE-LevelCalculator-Xp'!C7 -> 0 | E36: ='BE-LevelCalculator-Xp'!F7 -> 0 | F36: ='BE-LevelCalculator-Xp'!L7 -> 13 | G36: ='BE-LevelCalculator-Xp'!M7 -> 0 | H36: ='BE-LevelCalculator-Xp'!N7 -> 2 | I36: ='BE-LevelCalculator-Xp'!O7 -> 15
A37: 26 | B37: BE-GAM-04 | C37: ='BE-StreakCalculator'!A7 -> 6 | D37: ='BE-StreakCalculator'!C7 -> 0 | E37: ='BE-StreakCalculator'!F7 -> 0 | F37: ='BE-StreakCalculator'!L7 -> 3 | G37: ='BE-StreakCalculator'!M7 -> 1 | H37: ='BE-StreakCalculator'!N7 -> 2 | I37: ='BE-StreakCalculator'!O7 -> 6
A38: 27 | B38: BE-GAM-05 | C38: ='BE-UserLocalDateProvider'!A7 -> 4 | D38: ='BE-UserLocalDateProvider'!C7 -> 0 | E38: ='BE-UserLocalDateProvider'!F7 -> 0 | F38: ='BE-UserLocalDateProvider'!L7 -> 1 | G38: ='BE-UserLocalDateProvider'!M7 -> 3 | H38: ='BE-UserLocalDateProvider'!N7 -> 0 | I38: ='BE-UserLocalDateProvider'!O7 -> 4
A39: 28 | B39: BE-GAM-06 | C39: ='BE-XpRewardPolicy-Score'!A7 -> 10 | D39: ='BE-XpRewardPolicy-Score'!C7 -> 0 | E39: ='BE-XpRewardPolicy-Score'!F7 -> 0 | F39: ='BE-XpRewardPolicy-Score'!L7 -> 0 | G39: ='BE-XpRewardPolicy-Score'!M7 -> 2 | H39: ='BE-XpRewardPolicy-Score'!N7 -> 8 | I39: ='BE-XpRewardPolicy-Score'!O7 -> 10
A40: 29 | B40: BE-GAM-07 | C40: ='BE-XpRewardPolicy-Bonus'!A7 -> 11 | D40: ='BE-XpRewardPolicy-Bonus'!C7 -> 0 | E40: ='BE-XpRewardPolicy-Bonus'!F7 -> 0 | F40: ='BE-XpRewardPolicy-Bonus'!L7 -> 8 | G40: ='BE-XpRewardPolicy-Bonus'!M7 -> 0 | H40: ='BE-XpRewardPolicy-Bonus'!N7 -> 3 | I40: ='BE-XpRewardPolicy-Bonus'!O7 -> 11
A41: 30 | B41: BE-QS-01 | C41: ='BE-PublishQuestionSelection'!A7 -> 4 | D41: ='BE-PublishQuestionSelection'!C7 -> 0 | E41: ='BE-PublishQuestionSelection'!F7 -> 0 | F41: ='BE-PublishQuestionSelection'!L7 -> 2 | G41: ='BE-PublishQuestionSelection'!M7 -> 1 | H41: ='BE-PublishQuestionSelection'!N7 -> 1 | I41: ='BE-PublishQuestionSelection'!O7 -> 4
A42: 31 | B42: BE-QS-02 | C42: ='BE-RubricNormalizer'!A7 -> 4 | D42: ='BE-RubricNormalizer'!C7 -> 0 | E42: ='BE-RubricNormalizer'!F7 -> 0 | F42: ='BE-RubricNormalizer'!L7 -> 4 | G42: ='BE-RubricNormalizer'!M7 -> 0 | H42: ='BE-RubricNormalizer'!N7 -> 0 | I42: ='BE-RubricNormalizer'!O7 -> 4
A43: 32 | B43: BE-QS-03 | C43: ='BE-CitationSourceScope'!A7 -> 3 | D43: ='BE-CitationSourceScope'!C7 -> 0 | E43: ='BE-CitationSourceScope'!F7 -> 0 | F43: ='BE-CitationSourceScope'!L7 -> 3 | G43: ='BE-CitationSourceScope'!M7 -> 0 | H43: ='BE-CitationSourceScope'!N7 -> 0 | I43: ='BE-CitationSourceScope'!O7 -> 3
A44: 33 | B44: BE-HR-01 | C44: ='BE-JdFitReviewMapper'!A7 -> 8 | D44: ='BE-JdFitReviewMapper'!C7 -> 0 | E44: ='BE-JdFitReviewMapper'!F7 -> 0 | F44: ='BE-JdFitReviewMapper'!L7 -> 6 | G44: ='BE-JdFitReviewMapper'!M7 -> 2 | H44: ='BE-JdFitReviewMapper'!N7 -> 0 | I44: ='BE-JdFitReviewMapper'!O7 -> 8
A45: 34 | B45: BE-HR-02 | C45: ='BE-JdFitContentHash'!A7 -> 1 | D45: ='BE-JdFitContentHash'!C7 -> 0 | E45: ='BE-JdFitContentHash'!F7 -> 0 | F45: ='BE-JdFitContentHash'!L7 -> 1 | G45: ='BE-JdFitContentHash'!M7 -> 0 | H45: ='BE-JdFitContentHash'!N7 -> 0 | I45: ='BE-JdFitContentHash'!O7 -> 1
A46: 35 | B46: BE-HR-03 | C46: ='BE-PracticeFeedbackMapper'!A7 -> 2 | D46: ='BE-PracticeFeedbackMapper'!C7 -> 0 | E46: ='BE-PracticeFeedbackMapper'!F7 -> 0 | F46: ='BE-PracticeFeedbackMapper'!L7 -> 2 | G46: ='BE-PracticeFeedbackMapper'!M7 -> 0 | H46: ='BE-PracticeFeedbackMapper'!N7 -> 0 | I46: ='BE-PracticeFeedbackMapper'!O7 -> 2
A47: 36 | B47: BE-HR-04 | C47: ='BE-SkillFitCalculator'!A7 -> 2 | D47: ='BE-SkillFitCalculator'!C7 -> 0 | E47: ='BE-SkillFitCalculator'!F7 -> 0 | F47: ='BE-SkillFitCalculator'!L7 -> 2 | G47: ='BE-SkillFitCalculator'!M7 -> 0 | H47: ='BE-SkillFitCalculator'!N7 -> 0 | I47: ='BE-SkillFitCalculator'!O7 -> 2
A48: 37 | B48: BE-HR-05 | C48: ='BE-RecommendationP1Rules'!A7 -> 6 | D48: ='BE-RecommendationP1Rules'!C7 -> 0 | E48: ='BE-RecommendationP1Rules'!F7 -> 0 | F48: ='BE-RecommendationP1Rules'!L7 -> 2 | G48: ='BE-RecommendationP1Rules'!M7 -> 3 | H48: ='BE-RecommendationP1Rules'!N7 -> 1 | I48: ='BE-RecommendationP1Rules'!O7 -> 6
A49: 38 | B49: BE-HR-06 | C49: ='BE-RecommendationIntakeScore'!A7 -> 6 | D49: ='BE-RecommendationIntakeScore'!C7 -> 0 | E49: ='BE-RecommendationIntakeScore'!F7 -> 0 | F49: ='BE-RecommendationIntakeScore'!L7 -> 2 | G49: ='BE-RecommendationIntakeScore'!M7 -> 2 | H49: ='BE-RecommendationIntakeScore'!N7 -> 2 | I49: ='BE-RecommendationIntakeScore'!O7 -> 6
A50: 39 | B50: BE-KB-01 | C50: ='BE-KnowledgeDocumentType'!A7 -> 12 | D50: ='BE-KnowledgeDocumentType'!C7 -> 0 | E50: ='BE-KnowledgeDocumentType'!F7 -> 0 | F50: ='BE-KnowledgeDocumentType'!L7 -> 6 | G50: ='BE-KnowledgeDocumentType'!M7 -> 3 | H50: ='BE-KnowledgeDocumentType'!N7 -> 3 | I50: ='BE-KnowledgeDocumentType'!O7 -> 12
A51: 40 | B51: BE-PRF-01 | C51: ='BE-ProfileDtoValidator'!A7 -> 8 | D51: ='BE-ProfileDtoValidator'!C7 -> 0 | E51: ='BE-ProfileDtoValidator'!F7 -> 0 | F51: ='BE-ProfileDtoValidator'!L7 -> 3 | G51: ='BE-ProfileDtoValidator'!M7 -> 3 | H51: ='BE-ProfileDtoValidator'!N7 -> 2 | I51: ='BE-ProfileDtoValidator'!O7 -> 8
A52: 41 | B52: BE-STU-01 | C52: ='BE-JobDescriptionValidator'!A7 -> 3 | D52: ='BE-JobDescriptionValidator'!C7 -> 0 | E52: ='BE-JobDescriptionValidator'!F7 -> 0 | F52: ='BE-JobDescriptionValidator'!L7 -> 1 | G52: ='BE-JobDescriptionValidator'!M7 -> 2 | H52: ='BE-JobDescriptionValidator'!N7 -> 0 | I52: ='BE-JobDescriptionValidator'!O7 -> 3
A53: 42 | B53: BE-STU-02 | C53: ='BE-PlanMergeService'!A7 -> 2 | D53: ='BE-PlanMergeService'!C7 -> 0 | E53: ='BE-PlanMergeService'!F7 -> 0 | F53: ='BE-PlanMergeService'!L7 -> 2 | G53: ='BE-PlanMergeService'!M7 -> 0 | H53: ='BE-PlanMergeService'!N7 -> 0 | I53: ='BE-PlanMergeService'!O7 -> 2
A54: 43 | B54: BE-STU-03 | C54: ='BE-FocusAreaWeightHelper'!A7 -> 6 | D54: ='BE-FocusAreaWeightHelper'!C7 -> 0 | E54: ='BE-FocusAreaWeightHelper'!F7 -> 0 | F54: ='BE-FocusAreaWeightHelper'!L7 -> 4 | G54: ='BE-FocusAreaWeightHelper'!M7 -> 0 | H54: ='BE-FocusAreaWeightHelper'!N7 -> 2 | I54: ='BE-FocusAreaWeightHelper'!O7 -> 6
A55: 44 | B55: BE-STU-04 | C55: ='BE-FocusWeightOutline'!A7 -> 4 | D55: ='BE-FocusWeightOutline'!C7 -> 0 | E55: ='BE-FocusWeightOutline'!F7 -> 0 | F55: ='BE-FocusWeightOutline'!L7 -> 3 | G55: ='BE-FocusWeightOutline'!M7 -> 0 | H55: ='BE-FocusWeightOutline'!N7 -> 1 | I55: ='BE-FocusWeightOutline'!O7 -> 4
A56: 45 | B56: BE-STU-05 | C56: ='BE-HrSkillsHelper'!A7 -> 3 | D56: ='BE-HrSkillsHelper'!C7 -> 0 | E56: ='BE-HrSkillsHelper'!F7 -> 0 | F56: ='BE-HrSkillsHelper'!L7 -> 1 | G56: ='BE-HrSkillsHelper'!M7 -> 0 | H56: ='BE-HrSkillsHelper'!N7 -> 2 | I56: ='BE-HrSkillsHelper'!O7 -> 3
A57: 46 | B57: BE-STU-06 | C57: ='BE-JdClassifyGate'!A7 -> 13 | D57: ='BE-JdClassifyGate'!C7 -> 0 | E57: ='BE-JdClassifyGate'!F7 -> 0 | F57: ='BE-JdClassifyGate'!L7 -> 4 | G57: ='BE-JdClassifyGate'!M7 -> 8 | H57: ='BE-JdClassifyGate'!N7 -> 1 | I57: ='BE-JdClassifyGate'!O7 -> 13
A58: 47 | B58: BE-STU-07 | C58: ='BE-JdSeniority'!A7 -> 10 | D58: ='BE-JdSeniority'!C7 -> 0 | E58: ='BE-JdSeniority'!F7 -> 0 | F58: ='BE-JdSeniority'!L7 -> 6 | G58: ='BE-JdSeniority'!M7 -> 2 | H58: ='BE-JdSeniority'!N7 -> 2 | I58: ='BE-JdSeniority'!O7 -> 10
A59: 48 | B59: BE-STU-08 | C59: ='BE-RagPlanHrNoteBuilder'!A7 -> 1 | D59: ='BE-RagPlanHrNoteBuilder'!C7 -> 0 | E59: ='BE-RagPlanHrNoteBuilder'!F7 -> 0 | F59: ='BE-RagPlanHrNoteBuilder'!L7 -> 1 | G59: ='BE-RagPlanHrNoteBuilder'!M7 -> 0 | H59: ='BE-RagPlanHrNoteBuilder'!N7 -> 0 | I59: ='BE-RagPlanHrNoteBuilder'!O7 -> 1
A60: 49 | B60: BE-STU-09 | C60: ='BE-PlanFocusJdCompleter'!A7 -> 3 | D60: ='BE-PlanFocusJdCompleter'!C7 -> 0 | E60: ='BE-PlanFocusJdCompleter'!F7 -> 0 | F60: ='BE-PlanFocusJdCompleter'!L7 -> 2 | G60: ='BE-PlanFocusJdCompleter'!M7 -> 0 | H60: ='BE-PlanFocusJdCompleter'!N7 -> 1 | I60: ='BE-PlanFocusJdCompleter'!O7 -> 3
A61: 50 | B61: BE-STU-10 | C61: ='BE-PlanSettingsPatcher'!A7 -> 9 | D61: ='BE-PlanSettingsPatcher'!C7 -> 0 | E61: ='BE-PlanSettingsPatcher'!F7 -> 0 | F61: ='BE-PlanSettingsPatcher'!L7 -> 7 | G61: ='BE-PlanSettingsPatcher'!M7 -> 0 | H61: ='BE-PlanSettingsPatcher'!N7 -> 2 | I61: ='BE-PlanSettingsPatcher'!O7 -> 9
A62: 51 | B62: BE-STU-11 | C62: ='BE-PlanSettingsSnapshot'!A7 -> 4 | D62: ='BE-PlanSettingsSnapshot'!C7 -> 0 | E62: ='BE-PlanSettingsSnapshot'!F7 -> 0 | F62: ='BE-PlanSettingsSnapshot'!L7 -> 4 | G62: ='BE-PlanSettingsSnapshot'!M7 -> 0 | H62: ='BE-PlanSettingsSnapshot'!N7 -> 0 | I62: ='BE-PlanSettingsSnapshot'!O7 -> 4
A63: 52 | B63: BE-STU-12 | C63: ='BE-QuestionRegenHelper'!A7 -> 7 | D63: ='BE-QuestionRegenHelper'!C7 -> 0 | E63: ='BE-QuestionRegenHelper'!F7 -> 0 | F63: ='BE-QuestionRegenHelper'!L7 -> 4 | G63: ='BE-QuestionRegenHelper'!M7 -> 0 | H63: ='BE-QuestionRegenHelper'!N7 -> 3 | I63: ='BE-QuestionRegenHelper'!O7 -> 7
A64: 53 | B64: BE-STU-13 | C64: ='BE-QuestionTaxonomyMapper'!A7 -> 8 | D64: ='BE-QuestionTaxonomyMapper'!C7 -> 0 | E64: ='BE-QuestionTaxonomyMapper'!F7 -> 0 | F64: ='BE-QuestionTaxonomyMapper'!L7 -> 6 | G64: ='BE-QuestionTaxonomyMapper'!M7 -> 1 | H64: ='BE-QuestionTaxonomyMapper'!N7 -> 1 | I64: ='BE-QuestionTaxonomyMapper'!O7 -> 8
A65: 54 | B65: BE-STU-14 | C65: ='BE-RagQuestionMapper'!A7 -> 4 | D65: ='BE-RagQuestionMapper'!C7 -> 0 | E65: ='BE-RagQuestionMapper'!F7 -> 0 | F65: ='BE-RagQuestionMapper'!L7 -> 2 | G65: ='BE-RagQuestionMapper'!M7 -> 1 | H65: ='BE-RagQuestionMapper'!N7 -> 1 | I65: ='BE-RagQuestionMapper'!O7 -> 4
A66: 55 | B66: BE-SUB-01 | C66: ='BE-HrGenerateWindow'!A7 -> 8 | D66: ='BE-HrGenerateWindow'!C7 -> 0 | E66: ='BE-HrGenerateWindow'!F7 -> 0 | F66: ='BE-HrGenerateWindow'!L7 -> 4 | G66: ='BE-HrGenerateWindow'!M7 -> 1 | H66: ='BE-HrGenerateWindow'!N7 -> 3 | I66: ='BE-HrGenerateWindow'!O7 -> 8
A67: 56 | B67: BE-SUB-02 | C67: ='BE-GateHrGenerateRegen'!A7 -> 10 | D67: ='BE-GateHrGenerateRegen'!C7 -> 0 | E67: ='BE-GateHrGenerateRegen'!F7 -> 0 | F67: ='BE-GateHrGenerateRegen'!L7 -> 4 | G67: ='BE-GateHrGenerateRegen'!M7 -> 2 | H67: ='BE-GateHrGenerateRegen'!N7 -> 4 | I67: ='BE-GateHrGenerateRegen'!O7 -> 10
A68: 57 | B68: BE-SUB-03 | C68: ='BE-GateCandidateCoach'!A7 -> 4 | D68: ='BE-GateCandidateCoach'!C7 -> 0 | E68: ='BE-GateCandidateCoach'!F7 -> 0 | F68: ='BE-GateCandidateCoach'!L7 -> 0 | G68: ='BE-GateCandidateCoach'!M7 -> 2 | H68: ='BE-GateCandidateCoach'!N7 -> 2 | I68: ='BE-GateCandidateCoach'!O7 -> 4
B69: Sub total | C69: =SUM(C12:C68) -> 393 | D69: =SUM(D12:D68) -> 0 | E69: =SUM(E12:E68) -> 0 | F69: =SUM(F12:F68) -> 203 | G69: =SUM(G12:G68) -> 68 | H69: =SUM(H12:H68) -> 122 | I69: =SUM(I12:I68) -> 393
B71: Test coverage | D71: =(C69+D69)*100/(I69) -> 100 | E71: %
B72: Test successful coverage | D72: =C69*100/(I69) -> 100 | E72: %
B73: Normal case | D73: =F69*100/I69 -> 51.653944 | E73: %
B74: Abnormal case | D74: =G69*100/I69 -> 17.302799 | E74: %
B75: Boundary case | D75: =H69*100/I69 -> 31.043257 | E75: %

Sheet FE-AuthInterceptor
A2: Function Code | C2: =Functions!E11 -> FE-AUTH-01 | F2: Function Name | L2: =Functions!D11 -> attachAuthInterceptor
A3: Created By | C3: Hoàng Đăng Khoa | F3: Executed By | L3: Hoàng Đăng Khoa
A4: Lines of code | C4: 44 | F4: Lack of test cases | L4: =IF(Functions!E6<>"N/A",SUM(C4*Functions!E6/1000,-O7),"N/A") -> -6.6
A5: Test requirement | C5: Axios interceptor: on 401 refreshes the access token once, retries the request, shares one refresh between concurrent 401s, and clears auth + redirects to /login when the session cannot be refreshed.
A6: Passed | C6: Failed | F6: Untested | L6: N/A/B | O6: Total Test Cases
A7: =COUNTIF(F37:T37,"P") -> 11 | C7: =COUNTIF(F37:T37,"F") -> 0 | F7: =SUM(O7,-A7,-C7) -> 0 | L7: =COUNTIF(F36:T36,"N") -> 3 | M7: =COUNTIF(F36:T36,"A") -> 6 | N7: =COUNTIF(F36:T36,"B") -> 2 | O7: =COUNTA(F9:T9) -> 11
F9: UTCID01 | G9: UTCID02 | H9: UTCID03 | I9: UTCID04 | J9: UTCID05 | K9: UTCID06 | L9: UTCID07 | M9: UTCID08 | N9: UTCID09 | O9: UTCID10 | P9: UTCID11
A10: Condition | B10: Precondition
B11: Axios client created with attachAuthInterceptor() | F11: O | G11: O | H11: O | I11: O | J11: O | K11: O | L11: O | M11: O | N11: O | O11: O | P11: O
B12: Access token "expired.jwt.token" and a refresh token are stored; current page /hr/generate-question/manual | F12: O | G12: O | H12: O | I12: O | J12: O | K12: O | L12: O | M12: O | N12: O | O12: O | P12: O
B13: Input
B14: GET /api/users/me returns 401 once, then 200; refresh returns new tokens | F14: O
B15: GET returns 401; refresh endpoint returns 401 | G15: O | N15: O
B16: No refresh token stored; GET returns 401 | H16: O
B17: POST /api/auth/refresh-token itself returns 401 | I17: O
B18: POST /api/auth/login (public endpoint) returns 401 | J18: O
B19: GET returns 403 | K19: O
B20: GET returns 401 on the original call and on the retry; refresh succeeds | L20: O
B21: Any request (GET /api/whatever returns 200) | M21: O
B22: GET returns 401 once, then 200; refresh returns rotated tokens | O22: O
B23: Two concurrent requests both return 401 once; refresh takes 50 ms | P23: O
A24: Confirm | B24: Return
B25: Request resolves 200 after one retry; setAuthTokens(new tokens); no clearAuth, no redirect | F25: O
B26: Request rejects with 401; clearAuth() called once; redirect to /login | G26: O
B27: Refresh endpoint never called; clearAuth() called once | H27: O
B28: Request rejects; refresh called only once (no loop); clearAuth() called once | I28: O
B29: Request rejects with 401; no refresh attempt; clearAuth() not called | J29: O
B30: Request rejects with 403; no refresh attempt; clearAuth() not called | K30: O
B31: Refresh called once, request retried once, then rejects; clearAuth() called once | L31: O
B32: Authorization header "Bearer expired.jwt.token" comes from getAccessToken(), not from a cookie | M32: O
B33: clearAuth() called once (also clears the cached profile) | N33: O
B34: setAuthTokens("rotated-access-token", "rotated-refresh-token") | O34: O
B35: Both requests resolve 200; refresh endpoint called exactly once; no clearAuth | P35: O
A36: Result | B36: Type(N : Normal, A : Abnormal, B : Boundary) | F36: N | G36: A | H36: A | I36: A | J36: A | K36: A | L36: B | M36: N | N36: A | O36: N | P36: B
B37: Passed/Failed | F37: P | G37: P | H37: P | I37: P | J37: P | K37: P | L37: P | M37: P | N37: P | O37: P | P37: P
B38: Executed Date | F38: 15/09/2026 | G38: 15/09/2026 | H38: 15/09/2026 | I38: 15/09/2026 | J38: 15/09/2026 | K38: 15/09/2026 | L38: 15/09/2026 | M38: 15/09/2026 | N38: 15/09/2026 | O38: 15/09/2026 | P38: 15/09/2026
B39: Defect ID

Sheet FE-ExtractErrorMessage
A2: Function Code | C2: =Functions!E12 -> FE-AUTH-02 | F2: Function Name | L2: =Functions!D12 -> extractErrorMessage
A3: Created By | C3: Hoàng Đăng Khoa | F3: Executed By | L3: Hoàng Đăng Khoa
A4: Lines of code | C4: 28 | F4: Lack of test cases | L4: =IF(Functions!E6<>"N/A",SUM(C4*Functions!E6/1000,-O7),"N/A") -> -1.2
A5: Test requirement | C5: Turn an API error into the message shown to the user: canned text for known error codes, the server message when present, friendly text for bare 5xx and a generic fallback.
A6: Passed | C6: Failed | F6: Untested | L6: N/A/B | O6: Total Test Cases
A7: =COUNTIF(F23:T23,"P") -> 4 | C7: =COUNTIF(F23:T23,"F") -> 0 | F7: =SUM(O7,-A7,-C7) -> 0 | L7: =COUNTIF(F22:T22,"N") -> 2 | M7: =COUNTIF(F22:T22,"A") -> 1 | N7: =COUNTIF(F22:T22,"B") -> 1 | O7: =COUNTA(F9:T9) -> 4
F9: UTCID01 | G9: UTCID02 | H9: UTCID03 | I9: UTCID04
A10: Condition | B10: Precondition
B11: Pure function, no mocks | F11: O | G11: O | H11: O | I11: O
B12: Input
B13: error.response = { status: 500, data: {} } | F13: O
B14: response 400 with data.message "Job description is required." | G14: O
B15: response 403 with data.errorCode QUOTA_EXCEEDED | H15: O
B16: error = undefined | I16: O
A17: Confirm | B17: Return
B18: "The server is temporarily unavailable, so the job description could not be analyzed. Please try again later." | F18: O
B19: "Job description is required." | G19: O
B20: "You've used up your quota for this period. Upgrade to Premium or buy an extra Ask-AI pack." | H20: O
B21: "Something went wrong. Please try again." | I21: O
A22: Result | B22: Type(N : Normal, A : Abnormal, B : Boundary) | F22: A | G22: N | H22: N | I22: B
B23: Passed/Failed | F23: P | G23: P | H23: P | I23: P
B24: Executed Date | F24: 15/09/2026 | G24: 15/09/2026 | H24: 15/09/2026 | I24: 15/09/2026
B25: Defect ID

Sheet FE-AuthState
A2: Function Code | C2: =Functions!E13 -> FE-AUTH-03 | F2: Function Name | L2: =Functions!D13 -> setAuth / isAuthenticated / clearAuth / setUserRole / getUserRole
A3: Created By | C3: Hoàng Đăng Khoa | F3: Executed By | L3: Hoàng Đăng Khoa
A4: Lines of code | C4: 23 | F4: Lack of test cases | L4: =IF(Functions!E6<>"N/A",SUM(C4*Functions!E6/1000,-O7),"N/A") -> -1.7
A5: Test requirement | C5: Keep the login state and role in localStorage and clear role, tokens and cached profile together on logout.
A6: Passed | C6: Failed | F6: Untested | L6: N/A/B | O6: Total Test Cases
A7: =COUNTIF(F23:T23,"P") -> 4 | C7: =COUNTIF(F23:T23,"F") -> 0 | F7: =SUM(O7,-A7,-C7) -> 0 | L7: =COUNTIF(F22:T22,"N") -> 4 | M7: =COUNTIF(F22:T22,"A") -> 0 | N7: =COUNTIF(F22:T22,"B") -> 0 | O7: =COUNTA(F9:T9) -> 4
F9: UTCID01 | G9: UTCID02 | H9: UTCID03 | I9: UTCID04
A10: Condition | B10: Precondition
B11: localStorage is empty before each test | F11: O | G11: O | H11: O | I11: O
B12: Input
B13: setAuth() then clearAuth() | F13: O
B14: Only setAuthTokens("real.jwt.token") called | G14: O
B15: setUserRole("HR_MANAGER") | H15: O
B16: Flag, role ADMIN, tokens and cached profile set; clearAuth() called | I16: O
A17: Confirm | B17: Return
B18: isAuthenticated(): false, then true after setAuth, then false after clearAuth | F18: O
B19: isAuthenticated() = true | G19: O
B20: getUserRole(): null before, "HR_MANAGER" after | H20: O
B21: getUserRole(), getAccessToken() and getCachedUserProfile() all return null | I21: O
A22: Result | B22: Type(N : Normal, A : Abnormal, B : Boundary) | F22: N | G22: N | H22: N | I22: N
B23: Passed/Failed | F23: P | G23: P | H23: P | I23: P
B24: Executed Date | F24: 15/09/2026 | G24: 15/09/2026 | H24: 15/09/2026 | I24: 15/09/2026
B25: Defect ID

Sheet FE-RoleRedirectExtractRole
A2: Function Code | C2: =Functions!E14 -> FE-AUTH-04 | F2: Function Name | L2: =Functions!D14 -> getRoleRedirect / extractRole
A3: Created By | C3: Hoàng Đăng Khoa | F3: Executed By | L3: Hoàng Đăng Khoa
A4: Lines of code | C4: 27 | F4: Lack of test cases | L4: =IF(Functions!E6<>"N/A",SUM(C4*Functions!E6/1000,-O7),"N/A") -> -8.3
A5: Test requirement | C5: Pick the landing page for a role and read the role from a login response (direct field, nested data, or JWT payload).
A6: Passed | C6: Failed | F6: Untested | L6: N/A/B | O6: Total Test Cases
A7: =COUNTIF(F34:T34,"P") -> 11 | C7: =COUNTIF(F34:T34,"F") -> 0 | F7: =SUM(O7,-A7,-C7) -> 0 | L7: =COUNTIF(F33:T33,"N") -> 7 | M7: =COUNTIF(F33:T33,"A") -> 2 | N7: =COUNTIF(F33:T33,"B") -> 2 | O7: =COUNTA(F9:T9) -> 11
F9: UTCID01 | G9: UTCID02 | H9: UTCID03 | I9: UTCID04 | J9: UTCID05 | K9: UTCID06 | L9: UTCID07 | M9: UTCID08 | N9: UTCID09 | O9: UTCID10 | P9: UTCID11
A10: Condition | B10: Precondition
B11: Pure functions, no mocks | F11: O | G11: O | H11: O | I11: O | J11: O | K11: O | L11: O | M11: O | N11: O | O11: O | P11: O
B12: Input
B13: getRoleRedirect("SUPER_ADMIN") | F13: O
B14: getRoleRedirect("HR_MANAGER") | G14: O
B15: getRoleRedirect(null) | H15: O
B16: extractRole({ role: "HR_MANAGER" }) | I16: O
B17: extractRole({ data: { role: "ADMIN" } }) | J17: O
B18: JWT with role JOB_SEEKER under accessToken | K18: O
B19: JWT with role JOB_SEEKER under access_token | L19: O
B20: JWT with role JOB_SEEKER under token | M20: O
B21: JWT with claim Role = HR_MANAGER | N21: O
B22: { accessToken: "not-a-jwt" } | O22: O
B23: null, "a string" or {} | P23: O
A24: Confirm | B24: Return
B25: "/admin/dashboard" | F25: O
B26: "/hr/dashboard" | G26: O
B27: "/candidate" | H27: O
B28: "HR_MANAGER" | I28: O | N28: O
B29: "ADMIN" | J29: O
B30: "JOB_SEEKER" | K30: O | L30: O | M30: O
B31: null (no exception) | O31: O
B32: null | P32: O
A33: Result | B33: Type(N : Normal, A : Abnormal, B : Boundary) | F33: N | G33: N | H33: B | I33: N | J33: N | K33: N | L33: N | M33: N | N33: B | O33: A | P33: A
B34: Passed/Failed | F34: P | G34: P | H34: P | I34: P | J34: P | K34: P | L34: P | M34: P | N34: P | O34: P | P34: P
B35: Executed Date | F35: 15/09/2026 | G35: 15/09/2026 | H35: 15/09/2026 | I35: 15/09/2026 | J35: 15/09/2026 | K35: 15/09/2026 | L35: 15/09/2026 | M35: 15/09/2026 | N35: 15/09/2026 | O35: 15/09/2026 | P35: 15/09/2026
B36: Defect ID

Sheet FE-CitationDisplay
A2: Function Code | C2: =Functions!E15 -> FE-STU-01 | F2: Function Name | L2: =Functions!D15 -> isJdCitation / citationsForDisplay / formatCitationExcerpt / citationDisplayName
A3: Created By | C3: Hoàng Đăng Khoa | F3: Executed By | L3: Hoàng Đăng Khoa
A4: Lines of code | C4: 25 | F4: Lack of test cases | L4: =IF(Functions!E6<>"N/A",SUM(C4*Functions!E6/1000,-O7),"N/A") -> -4.5
A5: Test requirement | C5: Prepare question citations for display: detect the JD source, add a JD row when missing, shorten excerpts and show readable source names.
A6: Passed | C6: Failed | F6: Untested | L6: N/A/B | O6: Total Test Cases
A7: =COUNTIF(F28:T28,"P") -> 7 | C7: =COUNTIF(F28:T28,"F") -> 0 | F7: =SUM(O7,-A7,-C7) -> 0 | L7: =COUNTIF(F27:T27,"N") -> 5 | M7: =COUNTIF(F27:T27,"A") -> 0 | N7: =COUNTIF(F27:T27,"B") -> 2 | O7: =COUNTA(F9:T9) -> 7
F9: UTCID01 | G9: UTCID02 | H9: UTCID03 | I9: UTCID04 | J9: UTCID05 | K9: UTCID06 | L9: UTCID07
A10: Condition | B10: Precondition
B11: Pure functions, no mocks | F11: O | G11: O | H11: O | I11: O | J11: O | K11: O | L11: O
B12: Input
B13: isJdCitation("Job Description") | F13: O
B14: isJdCitation("handbook.pdf") | G14: O
B15: isJdCitation(null) | H15: O
B16: citations = [handbook.pdf] | I16: O
B17: citations = [job-description with excerpt] | J17: O
B18: " short text ", null, " ", 200 characters with max 140 | K18: O
B19: "job-description" / "handbook.pdf" | L19: O
A20: Confirm | B20: Return
B21: true | F21: O
B22: false | G22: O | H22: O
B23: 2 rows; first = { sourceFile: job-description, excerpt: null, origin: HR } | I23: O
B24: 1 row with the original excerpt | J24: O
B25: "short text"; null; null; 140 characters + "…" | K25: O
B26: "Job Description" / "handbook.pdf" | L26: O
A27: Result | B27: Type(N : Normal, A : Abnormal, B : Boundary) | F27: N | G27: N | H27: B | I27: N | J27: N | K27: B | L27: N
B28: Passed/Failed | F28: P | G28: P | H28: P | I28: P | J28: P | K28: P | L28: P
B29: Executed Date | F29: 15/09/2026 | G29: 15/09/2026 | H29: 15/09/2026 | I29: 15/09/2026 | J29: 15/09/2026 | K29: 15/09/2026 | L29: 15/09/2026
B30: Defect ID

Sheet FE-InferTemplate-Detect
A2: Function Code | C2: =Functions!E16 -> FE-STU-02 | F2: Function Name | L2: =Functions!D16 -> inferStudioTemplate (template detection)
A3: Created By | C3: Hoàng Đăng Khoa | F3: Executed By | L3: Hoàng Đăng Khoa
A4: Lines of code | C4: 62 | F4: Lack of test cases | L4: =IF(Functions!E6<>"N/A",SUM(C4*Functions!E6/1000,-O7),"N/A") -> -6.8
A5: Test requirement | C5: Detect the code template of a Studio question from its explicit template, content keywords, scoring rubric, type or snippet.
A6: Passed | C6: Failed | F6: Untested | L6: N/A/B | O6: Total Test Cases
A7: =COUNTIF(F35:T35,"P") -> 13 | C7: =COUNTIF(F35:T35,"F") -> 0 | F7: =SUM(O7,-A7,-C7) -> 0 | L7: =COUNTIF(F34:T34,"N") -> 10 | M7: =COUNTIF(F34:T34,"A") -> 1 | N7: =COUNTIF(F34:T34,"B") -> 2 | O7: =COUNTA(F9:T9) -> 13
F9: UTCID01 | G9: UTCID02 | H9: UTCID03 | I9: UTCID04 | J9: UTCID05 | K9: UTCID06 | L9: UTCID07 | M9: UTCID08 | N9: UTCID09 | O9: UTCID10 | P9: UTCID11 | Q9: UTCID12 | R9: UTCID13
A10: Condition | B10: Precondition
B11: Base question: Technical, Medium, no expected answer or rubric unless stated | F11: O | G11: O | H11: O | I11: O | J11: O | K11: O | L11: O | M11: O | N11: O | O11: O | P11: O | Q11: O | R11: O
B12: Input
B13: codeTemplateType "bug_detection", content "Find the bug" | F13: O
B14: codeTemplateType " refactoring " | G14: O
B15: codeTemplateType NOT_A_REAL_TEMPLATE, content mentions system design | H15: O
B16: content "Design a system architecture (system design) for a URL shortener." | I16: O
B17: content "Complete the TODO in this function (code completion)." | J17: O
B18: content "Find the bug in this loop." | K18: O
B19: content "Refactor this class to remove duplication." | L19: O
B20: content "Write a unit test case for this function." | M20: O
B21: content "Analyze the time complexity O(n^2) of this algorithm." | N21: O
B22: Neutral content, scoringRubric "Look for bug handling" | O22: O
B23: type SystemDesign, neutral content | P23: O
B24: Neutral content with a codeSnippet | Q24: O
B25: "Explain the difference between REST and GraphQL." only | R25: O
A26: Confirm | B26: Return
B27: templateId BUG_DETECTION | F27: O | K27: O | O27: O
B28: templateId REFACTORING | G28: O | L28: O
B29: templateId SYSTEM_DESIGN | H29: O | I29: O | P29: O
B30: templateId CODE_COMPLETION | J30: O | Q30: O
B31: templateId TEST_CASE_DESIGN | M31: O
B32: templateId PERFORMANCE_ANALYSIS | N32: O
B33: templateId null; imageHint not empty | R33: O
A34: Result | B34: Type(N : Normal, A : Abnormal, B : Boundary) | F34: N | G34: B | H34: A | I34: N | J34: N | K34: N | L34: N | M34: N | N34: N | O34: N | P34: N | Q34: N | R34: B
B35: Passed/Failed | F35: P | G35: P | H35: P | I35: P | J35: P | K35: P | L35: P | M35: P | N35: P | O35: P | P35: P | Q35: P | R35: P
B36: Executed Date | F36: 15/09/2026 | G36: 15/09/2026 | H36: 15/09/2026 | I36: 15/09/2026 | J36: 15/09/2026 | K36: 15/09/2026 | L36: 15/09/2026 | M36: 15/09/2026 | N36: 15/09/2026 | O36: 15/09/2026 | P36: 15/09/2026 | Q36: 15/09/2026 | R36: 15/09/2026
B37: Defect ID

Sheet FE-InferTemplate-Snippet
A2: Function Code | C2: =Functions!E17 -> FE-STU-03 | F2: Function Name | L2: =Functions!D17 -> inferStudioTemplate (snippet & meta)
A3: Created By | C3: Hoàng Đăng Khoa | F3: Executed By | L3: Hoàng Đăng Khoa
A4: Lines of code | C4: 62 | F4: Lack of test cases | L4: =IF(Functions!E6<>"N/A",SUM(C4*Functions!E6/1000,-O7),"N/A") -> -5.8
A5: Test requirement | C5: Extract the code snippet (codeSnippet or fenced block, never expectedAnswer) and read language, image hint, diagram hint and attached image meta.
A6: Passed | C6: Failed | F6: Untested | L6: N/A/B | O6: Total Test Cases
A7: =COUNTIF(F36:T36,"P") -> 12 | C7: =COUNTIF(F36:T36,"F") -> 0 | F7: =SUM(O7,-A7,-C7) -> 0 | L7: =COUNTIF(F35:T35,"N") -> 6 | M7: =COUNTIF(F35:T35,"A") -> 3 | N7: =COUNTIF(F35:T35,"B") -> 3 | O7: =COUNTA(F9:T9) -> 12
F9: UTCID01 | G9: UTCID02 | H9: UTCID03 | I9: UTCID04 | J9: UTCID05 | K9: UTCID06 | L9: UTCID07 | M9: UTCID08 | N9: UTCID09 | O9: UTCID10 | P9: UTCID11 | Q9: UTCID12
A10: Condition | B10: Precondition
B11: Base question: Technical, Medium; neutral content unless stated | F11: O | G11: O | H11: O | I11: O | J11: O | K11: O | L11: O | M11: O | N11: O | O11: O | P11: O | Q11: O
B12: Input
B13: codeSnippet "const x = 1;" | F13: O
B14: expectedAnswer contains a "Code snippet:" marker | G14: O
B15: content with a ```js fenced block | H15: O
B16: expectedAnswer is raw class code | I16: O
B17: expectedAnswer is plain prose | J17: O
B18: codeSnippet with literal \n escape sequences | K18: O
B19: scoringRubric "lang=TypeScript;template=CODE_COMPLETION" | L19: O
B20: scoringRubric "lang=auto" | M20: O
B21: imageHint "Custom hint" with template BUG_DETECTION | N21: O
B22: "Find the bug in this loop." without imageHint | O22: O
B23: System design content with / without diagramHint meta | P23: O
B24: attachedImageUrl " https://x/img.png " / " " | Q24: O
A25: Confirm | B25: Return
B26: snippet "const x = 1;" | F26: O | H26: O
B27: snippet undefined | G27: O | I27: O | J27: O
B28: snippet contains real line breaks | K28: O
B29: snippetLanguage "typescript" | L29: O
B30: snippetLanguage undefined | M30: O
B31: imageHint "Custom hint" | N31: O
B32: Default image hint of the template (contains "lỗi") | O32: O
B33: diagramDescription from meta / default (contains "sơ đồ kiến trúc") | P33: O
B34: "https://x/img.png" / undefined | Q34: O
A35: Result | B35: Type(N : Normal, A : Abnormal, B : Boundary) | F35: N | G35: A | H35: N | I35: A | J35: A | K35: B | L35: N | M35: B | N35: N | O35: N | P35: N | Q35: B
B36: Passed/Failed | F36: P | G36: P | H36: P | I36: P | J36: P | K36: P | L36: P | M36: P | N36: P | O36: P | P36: P | Q36: P
B37: Executed Date | F37: 15/09/2026 | G37: 15/09/2026 | H37: 15/09/2026 | I37: 15/09/2026 | J37: 15/09/2026 | K37: 15/09/2026 | L37: 15/09/2026 | M37: 15/09/2026 | N37: 15/09/2026 | O37: 15/09/2026 | P37: 15/09/2026 | Q37: 15/09/2026
B38: Defect ID

Sheet FE-InferGeneratedTemplate
A2: Function Code | C2: =Functions!E18 -> FE-STU-04 | F2: Function Name | L2: =Functions!D18 -> inferGeneratedQuestionTemplate
A3: Created By | C3: Hoàng Đăng Khoa | F3: Executed By | L3: Hoàng Đăng Khoa
A4: Lines of code | C4: 55 | F4: Lack of test cases | L4: =IF(Functions!E6<>"N/A",SUM(C4*Functions!E6/1000,-O7),"N/A") -> 2.5
A5: Test requirement | C5: Map a saved (History/Review) question to the Studio template view model using its type, difficulty and rationale/rubric meta.
A6: Passed | C6: Failed | F6: Untested | L6: N/A/B | O6: Total Test Cases
A7: =COUNTIF(F21:T21,"P") -> 3 | C7: =COUNTIF(F21:T21,"F") -> 0 | F7: =SUM(O7,-A7,-C7) -> 0 | L7: =COUNTIF(F20:T20,"N") -> 2 | M7: =COUNTIF(F20:T20,"A") -> 0 | N7: =COUNTIF(F20:T20,"B") -> 1 | O7: =COUNTA(F9:T9) -> 3
F9: UTCID01 | G9: UTCID02 | H9: UTCID03
A10: Condition | B10: Precondition
B11: Pure function, no mocks | F11: O | G11: O | H11: O
B12: Input
B13: questionType "System Design" | F13: O
B14: rationale "template=BUG_DETECTION;lang=Python" and a snippet meta | G14: O
B15: difficulty "very easy", "HARD", "unrecognized" | H15: O
A16: Confirm | B16: Return
B17: templateId SYSTEM_DESIGN | F17: O
B18: BUG_DETECTION, language python, snippet with a real line break | G18: O
B19: No exception; templateId null for a plain question | H19: O
A20: Result | B20: Type(N : Normal, A : Abnormal, B : Boundary) | F20: N | G20: N | H20: B
B21: Passed/Failed | F21: P | G21: P | H21: P
B22: Executed Date | F22: 15/09/2026 | G22: 15/09/2026 | H22: 15/09/2026
B23: Defect ID

Sheet FE-GamificationFormatters
A2: Function Code | C2: =Functions!E19 -> FE-GAM-01 | F2: Function Name | L2: =Functions!D19 -> formatXp / getLevelLabel / getLevelColorClass / getLevelBarColor / streakIntensity / xpRewardTypeLabel
A3: Created By | C3: Hoàng Đăng Khoa | F3: Executed By | L3: Hoàng Đăng Khoa
A4: Lines of code | C4: 47 | F4: Lack of test cases | L4: =IF(Functions!E6<>"N/A",SUM(C4*Functions!E6/1000,-O7),"N/A") -> -9.3
A5: Test requirement | C5: Format XP numbers and map levels, streaks and XP reward types to labels and colours.
A6: Passed | C6: Failed | F6: Untested | L6: N/A/B | O6: Total Test Cases
A7: =COUNTIF(F43:T43,"P") -> 14 | C7: =COUNTIF(F43:T43,"F") -> 0 | F7: =SUM(O7,-A7,-C7) -> 0 | L7: =COUNTIF(F42:T42,"N") -> 2 | M7: =COUNTIF(F42:T42,"A") -> 0 | N7: =COUNTIF(F42:T42,"B") -> 12 | O7: =COUNTA(F9:T9) -> 14
F9: UTCID01 | G9: UTCID02 | H9: UTCID03 | I9: UTCID04 | J9: UTCID05 | K9: UTCID06 | L9: UTCID07 | M9: UTCID08 | N9: UTCID09 | O9: UTCID10 | P9: UTCID11 | Q9: UTCID12 | R9: UTCID13 | S9: UTCID14
A10: Condition | B10: Precondition
B11: Pure functions, no mocks | F11: O | G11: O | H11: O | I11: O | J11: O | K11: O | L11: O | M11: O | N11: O | O11: O | P11: O | Q11: O | R11: O | S11: O
B12: Input
B13: formatXp(1200) / formatXp(0) | F13: O
B14: getLevelLabel(2) | G14: O
B15: getLevelLabel(5) | H15: O
B16: getLevelLabel(9) | I16: O
B17: getLevelLabel(14) | J17: O
B18: getLevelLabel(19) | K18: O
B19: getLevelLabel(29) | L19: O
B20: getLevelLabel(30) | M20: O
B21: Level 1 and level 30 | N21: O
B22: streakIntensity(0) | O22: O
B23: streakIntensity(2) | P23: O
B24: streakIntensity(6) | Q24: O
B25: streakIntensity(7) | R25: O
B26: StreakMilestone in en / vi; unknown type "SomethingNew" | S26: O
A27: Confirm | B27: Return
B28: "1,200" / "0" | F28: O
B29: "Newcomer" | G29: O
B30: "Practitioner" | H30: O
B31: "Achiever" | I31: O
B32: "Trailblazer" | J32: O
B33: "Specialist" | K33: O
B34: "Mentor" | L34: O
B35: "Legend" | M35: O
B36: Gray class + #6b7280 at level 1; yellow class + #eab308 at level 30 | N36: O
B37: Intensity 0 | O37: O
B38: Intensity 1 | P38: O
B39: Intensity 2 | Q39: O
B40: Intensity 3 | R40: O
B41: "Streak milestone" / "Mốc luyện tập liên tiếp" / "SomethingNew" | S41: O
A42: Result | B42: Type(N : Normal, A : Abnormal, B : Boundary) | F42: N | G42: B | H42: B | I42: B | J42: B | K42: B | L42: B | M42: B | N42: B | O42: B | P42: B | Q42: B | R42: B | S42: N
B43: Passed/Failed | F43: P | G43: P | H43: P | I43: P | J43: P | K43: P | L43: P | M43: P | N43: P | O43: P | P43: P | Q43: P | R43: P | S43: P
B44: Executed Date | F44: 15/09/2026 | G44: 15/09/2026 | H44: 15/09/2026 | I44: 15/09/2026 | J44: 15/09/2026 | K44: 15/09/2026 | L44: 15/09/2026 | M44: 15/09/2026 | N44: 15/09/2026 | O44: 15/09/2026 | P44: 15/09/2026 | Q44: 15/09/2026 | R44: 15/09/2026 | S44: 15/09/2026
B45: Defect ID

Sheet FE-TimeAgo
A2: Function Code | C2: =Functions!E20 -> FE-GAM-02 | F2: Function Name | L2: =Functions!D20 -> timeAgo
A3: Created By | C3: Hoàng Đăng Khoa | F3: Executed By | L3: Hoàng Đăng Khoa
A4: Lines of code | C4: 18 | F4: Lack of test cases | L4: =IF(Functions!E6<>"N/A",SUM(C4*Functions!E6/1000,-O7),"N/A") -> -8.2
A5: Test requirement | C5: Show how long ago an XP event happened, in English and Vietnamese.
A6: Passed | C6: Failed | F6: Untested | L6: N/A/B | O6: Total Test Cases
A7: =COUNTIF(F35:T35,"P") -> 10 | C7: =COUNTIF(F35:T35,"F") -> 0 | F7: =SUM(O7,-A7,-C7) -> 0 | L7: =COUNTIF(F34:T34,"N") -> 8 | M7: =COUNTIF(F34:T34,"A") -> 0 | N7: =COUNTIF(F34:T34,"B") -> 2 | O7: =COUNTA(F9:T9) -> 10
F9: UTCID01 | G9: UTCID02 | H9: UTCID03 | I9: UTCID04 | J9: UTCID05 | K9: UTCID06 | L9: UTCID07 | M9: UTCID08 | N9: UTCID09 | O9: UTCID10
A10: Condition | B10: Precondition
B11: System time fixed at 15/06/2026 12:00 UTC | F11: O | G11: O | H11: O | I11: O | J11: O | K11: O | L11: O | M11: O | N11: O | O11: O
B12: Input
B13: Age 0 ms, locale en | F13: O
B14: Age 0 ms, locale vi | G14: O
B15: Age 10 minutes, locale en | H15: O
B16: Age 10 minutes, locale vi | I16: O
B17: Age 5 hours, locale en | J17: O
B18: Age 5 hours, locale vi | K18: O
B19: Age 10 days, locale en | L19: O
B20: Age 10 days, locale vi | M20: O
B21: Age 60 days, locale en | N21: O
B22: Age 60 days, locale vi | O22: O
A23: Confirm | B23: Return
B24: "just now" | F24: O
B25: "vừa xong" | G25: O
B26: "10m ago" | H26: O
B27: "10 phút trước" | I27: O
B28: "5h ago" | J28: O
B29: "5 giờ trước" | K29: O
B30: "10d ago" | L30: O
B31: "10 ngày trước" | M31: O
B32: "2mo ago" | N32: O
B33: "2 tháng trước" | O33: O
A34: Result | B34: Type(N : Normal, A : Abnormal, B : Boundary) | F34: B | G34: B | H34: N | I34: N | J34: N | K34: N | L34: N | M34: N | N34: N | O34: N
B35: Passed/Failed | F35: P | G35: P | H35: P | I35: P | J35: P | K35: P | L35: P | M35: P | N35: P | O35: P
B36: Executed Date | F36: 15/09/2026 | G36: 15/09/2026 | H36: 15/09/2026 | I36: 15/09/2026 | J36: 15/09/2026 | K36: 15/09/2026 | L36: 15/09/2026 | M36: 15/09/2026 | N36: 15/09/2026 | O36: 15/09/2026
B37: Defect ID

Sheet FE-ComputeStreakDays
A2: Function Code | C2: =Functions!E21 -> FE-CAN-01 | F2: Function Name | L2: =Functions!D21 -> computeStreakDays
A3: Created By | C3: Hoàng Đăng Khoa | F3: Executed By | L3: Hoàng Đăng Khoa
A4: Lines of code | C4: 21 | F4: Lack of test cases | L4: =IF(Functions!E6<>"N/A",SUM(C4*Functions!E6/1000,-O7),"N/A") -> -5.9
A5: Test requirement | C5: Count the consecutive practice days (ending today or yesterday) shown on the candidate dashboard.
A6: Passed | C6: Failed | F6: Untested | L6: N/A/B | O6: Total Test Cases
A7: =COUNTIF(F31:T31,"P") -> 8 | C7: =COUNTIF(F31:T31,"F") -> 0 | F7: =SUM(O7,-A7,-C7) -> 0 | L7: =COUNTIF(F30:T30,"N") -> 2 | M7: =COUNTIF(F30:T30,"A") -> 3 | N7: =COUNTIF(F30:T30,"B") -> 3 | O7: =COUNTA(F9:T9) -> 8
F9: UTCID01 | G9: UTCID02 | H9: UTCID03 | I9: UTCID04 | J9: UTCID05 | K9: UTCID06 | L9: UTCID07 | M9: UTCID08
A10: Condition | B10: Precondition
B11: Session timestamps built relative to the real current date | F11: O | G11: O | H11: O | I11: O | J11: O | K11: O | L11: O | M11: O
B12: Input
B13: No sessions | F13: O
B14: One session today | G14: O
B15: Sessions today, yesterday and 2 days ago | H15: O
B16: Sessions today and 2 days ago | I16: O
B17: Sessions yesterday and 2 days ago | J17: O
B18: Only a session 3 days ago | K18: O
B19: [undefined, "not-a-date", today] | L19: O
B20: Two sessions today | M20: O
A21: Confirm | B21: Return
B22: 0 | F22: O
B23: 1 | G23: O
B24: 3 | H24: O
B25: 1 (streak broken) | I25: O
B26: 2 | J26: O
B27: 0 (streak broken) | K27: O
B28: 1 (bad entries ignored) | L28: O
B29: 1 (same day counted once) | M29: O
A30: Result | B30: Type(N : Normal, A : Abnormal, B : Boundary) | F30: B | G30: N | H30: N | I30: A | J30: B | K30: A | L30: A | M30: B
B31: Passed/Failed | F31: P | G31: P | H31: P | I31: P | J31: P | K31: P | L31: P | M31: P
B32: Executed Date | F32: 15/09/2026 | G32: 15/09/2026 | H32: 15/09/2026 | I32: 15/09/2026 | J32: 15/09/2026 | K32: 15/09/2026 | L32: 15/09/2026 | M32: 15/09/2026
B33: Defect ID

Sheet FE-LabelsCompanyScore
A2: Function Code | C2: =Functions!E22 -> FE-CAN-02 | F2: Function Name | L2: =Functions!D22 -> translateDimensionKey / translateQuestionCategory / getCompanyInitials / getCompanyColor / formatCategoryLabel / getScoreBadgeClass / getScoreLevel
A3: Created By | C3: Hoàng Đăng Khoa | F3: Executed By | L3: Hoàng Đăng Khoa
A4: Lines of code | C4: 49 | F4: Lack of test cases | L4: =IF(Functions!E6<>"N/A",SUM(C4*Functions!E6/1000,-O7),"N/A") -> -4.1
A5: Test requirement | C5: Translate skill/category labels, build company initials and colours, and pick the score label and badge colour.
A6: Passed | C6: Failed | F6: Untested | L6: N/A/B | O6: Total Test Cases
A7: =COUNTIF(F33:T33,"P") -> 9 | C7: =COUNTIF(F33:T33,"F") -> 0 | F7: =SUM(O7,-A7,-C7) -> 0 | L7: =COUNTIF(F32:T32,"N") -> 5 | M7: =COUNTIF(F32:T32,"A") -> 1 | N7: =COUNTIF(F32:T32,"B") -> 3 | O7: =COUNTA(F9:T9) -> 9
F9: UTCID01 | G9: UTCID02 | H9: UTCID03 | I9: UTCID04 | J9: UTCID05 | K9: UTCID06 | L9: UTCID07 | M9: UTCID08 | N9: UTCID09
A10: Condition | B10: Precondition
B11: Pure functions, no mocks | F11: O | G11: O | H11: O | I11: O | J11: O | K11: O | L11: O | M11: O | N11: O
B12: Input
B13: "technical_accuracy" / "Technical-Accuracy" in vi | F13: O
B14: "some_new_dimension" in vi / "clarity" in en | G14: O
B15: "problem-solving" vi / "unknown-cat" vi / "technical" en | H15: O
B16: "", " ", "Acme", "Acme Corp International" | I16: O
B17: Same seed "Acme Corp" twice | J17: O
B18: Seeds "Acme" and "Zephyr Industries" | K18: O
B19: "problem-solving", "system_design", "technical" | L19: O
B20: Scores 85, 80, 70, 65, 40 | M20: O
B21: Scores 90, 70, 55, 30 | N21: O
A22: Confirm | B22: Return
B23: "Độ chính xác kỹ thuật" | F23: O
B24: "Some New Dimension" / "Clarity" | G24: O
B25: "Giải quyết vấn đề" / "Unknown Cat" / "Technical" | H25: O
B26: "?", "?", "AC", "AC" | I26: O
B27: Same colour class bg-*-500 both times | J27: O
B28: Different colour classes | K28: O
B29: "Problem Solving", "System Design", "Technical" | L29: O
B30: emerald, emerald, violet, violet, amber | M30: O
B31: Excellent/emerald, Good/violet, Fair/amber, Needs work/red | N31: O
A32: Result | B32: Type(N : Normal, A : Abnormal, B : Boundary) | F32: N | G32: A | H32: N | I32: B | J32: N | K32: N | L32: N | M32: B | N32: B
B33: Passed/Failed | F33: P | G33: P | H33: P | I33: P | J33: P | K33: P | L33: P | M33: P | N33: P
B34: Executed Date | F34: 15/09/2026 | G34: 15/09/2026 | H34: 15/09/2026 | I34: 15/09/2026 | J34: 15/09/2026 | K34: 15/09/2026 | L34: 15/09/2026 | M34: 15/09/2026 | N34: 15/09/2026
B35: Defect ID

Sheet FE-AdminUserDisplay
A2: Function Code | C2: =Functions!E23 -> FE-ADM-01 | F2: Function Name | L2: =Functions!D23 -> toBackendRoleFilter / normalizeAdminRoleKey / getAdminUserStatus / isAdminRole
A3: Created By | C3: Hoàng Đăng Khoa | F3: Executed By | L3: Hoàng Đăng Khoa
A4: Lines of code | C4: 27 | F4: Lack of test cases | L4: =IF(Functions!E6<>"N/A",SUM(C4*Functions!E6/1000,-O7),"N/A") -> -10.3
A5: Test requirement | C5: Map roles between the admin UI and the backend filter, and derive the account status shown in User Management.
A6: Passed | C6: Failed | F6: Untested | L6: N/A/B | O6: Total Test Cases
A7: =COUNTIF(F40:T40,"P") -> 13 | C7: =COUNTIF(F40:T40,"F") -> 0 | F7: =SUM(O7,-A7,-C7) -> 0 | L7: =COUNTIF(F39:T39,"N") -> 8 | M7: =COUNTIF(F39:T39,"A") -> 2 | N7: =COUNTIF(F39:T39,"B") -> 3 | O7: =COUNTA(F9:T9) -> 13
F9: UTCID01 | G9: UTCID02 | H9: UTCID03 | I9: UTCID04 | J9: UTCID05 | K9: UTCID06 | L9: UTCID07 | M9: UTCID08 | N9: UTCID09 | O9: UTCID10 | P9: UTCID11 | Q9: UTCID12 | R9: UTCID13
A10: Condition | B10: Precondition
B11: Pure functions, no mocks | F11: O | G11: O | H11: O | I11: O | J11: O | K11: O | L11: O | M11: O | N11: O | O11: O | P11: O | Q11: O | R11: O
B12: Input
B13: toBackendRoleFilter("ADMIN") | F13: O
B14: toBackendRoleFilter("HR_MANAGER") | G14: O
B15: toBackendRoleFilter("JOB_SEEKER") | H15: O
B16: toBackendRoleFilter("UNKNOWN") | I16: O
B17: normalizeAdminRoleKey("SysAdmin") | J17: O
B18: normalizeAdminRoleKey("HR_MANAGER") | K18: O
B19: normalizeAdminRoleKey("Candidate") | L19: O
B20: normalizeAdminRoleKey("something-else") | M20: O
B21: normalizeAdminRoleKey(undefined) | N21: O
B22: isActive true, emailVerified false | O22: O
B23: isActive true, emailVerified true | P23: O
B24: isActive false, emailVerified false | Q24: O
B25: "ADMIN", "SuperAdmin", "HR_MANAGER", null, undefined | R25: O
A26: Confirm | B26: Return
B27: "Admin" | F27: O
B28: "HR" | G28: O
B29: "Candidate" | H29: O
B30: undefined | I30: O
B31: "ADMIN" | J31: O
B32: "HR_MANAGER" | K32: O
B33: "JOB_SEEKER" | L33: O
B34: "UNKNOWN" | M34: O | N34: O
B35: "Pending" | O35: O
B36: "Active" | P36: O
B37: "Suspended" (inactive wins) | Q37: O
B38: true, true, false, false, false | R38: O
A39: Result | B39: Type(N : Normal, A : Abnormal, B : Boundary) | F39: N | G39: N | H39: N | I39: A | J39: N | K39: N | L39: N | M39: A | N39: B | O39: N | P39: N | Q39: B | R39: B
B40: Passed/Failed | F40: P | G40: P | H40: P | I40: P | J40: P | K40: P | L40: P | M40: P | N40: P | O40: P | P40: P | Q40: P | R40: P
B41: Executed Date | F41: 15/09/2026 | G41: 15/09/2026 | H41: 15/09/2026 | I41: 15/09/2026 | J41: 15/09/2026 | K41: 15/09/2026 | L41: 15/09/2026 | M41: 15/09/2026 | N41: 15/09/2026 | O41: 15/09/2026 | P41: 15/09/2026 | Q41: 15/09/2026 | R41: 15/09/2026
B42: Defect ID

Sheet FE-GreetingLoginWelcome
A2: Function Code | C2: =Functions!E24 -> FE-SHR-01 | F2: Function Name | L2: =Functions!D24 -> getTimeOfDayGreeting / buildWelcomeMessage / mark-has-clearLoginWelcomePending
A3: Created By | C3: Hoàng Đăng Khoa | F3: Executed By | L3: Hoàng Đăng Khoa
A4: Lines of code | C4: 29 | F4: Lack of test cases | L4: =IF(Functions!E6<>"N/A",SUM(C4*Functions!E6/1000,-O7),"N/A") -> -5.1
A5: Test requirement | C5: Choose the greeting for the time of day, fill the welcome message, and remember per role that the login welcome is pending.
A6: Passed | C6: Failed | F6: Untested | L6: N/A/B | O6: Total Test Cases
A7: =COUNTIF(F31:T31,"P") -> 8 | C7: =COUNTIF(F31:T31,"F") -> 0 | F7: =SUM(O7,-A7,-C7) -> 0 | L7: =COUNTIF(F30:T30,"N") -> 2 | M7: =COUNTIF(F30:T30,"A") -> 1 | N7: =COUNTIF(F30:T30,"B") -> 5 | O7: =COUNTA(F9:T9) -> 8
F9: UTCID01 | G9: UTCID02 | H9: UTCID03 | I9: UTCID04 | J9: UTCID05 | K9: UTCID06 | L9: UTCID07 | M9: UTCID08
A10: Condition | B10: Precondition
B11: Labels Morning / Afternoon / Evening / Night | F11: O | G11: O | H11: O | I11: O | J11: O | K11: O | L11: O | M11: O
B12: Input
B13: Local time 05:00 | F13: O
B14: Local time 12:00 | G14: O
B15: Local time 18:00 | H15: O
B16: Local time 22:00 | I16: O
B17: Local time 04:00 | J17: O
B18: Template "{{greeting}}, {{name}}!" | K18: O
B19: Template "Hello there" | L19: O
B20: markLoginWelcomePending("hr"), then clearLoginWelcomePending() | M20: O
A21: Confirm | B21: Return
B22: "Morning" | F22: O
B23: "Afternoon" | G23: O
B24: "Evening" | H24: O
B25: "Night" | I25: O
B26: "Night" (wraps past midnight) | J26: O
B27: "Good morning, An!" | K27: O
B28: "Hello there" | L28: O
B29: Pending for hr only (not admin); cleared afterwards | M29: O
A30: Result | B30: Type(N : Normal, A : Abnormal, B : Boundary) | F30: B | G30: B | H30: B | I30: B | J30: B | K30: N | L30: A | M30: N
B31: Passed/Failed | F31: P | G31: P | H31: P | I31: P | J31: P | K31: P | L31: P | M31: P
B32: Executed Date | F32: 15/09/2026 | G32: 15/09/2026 | H32: 15/09/2026 | I32: 15/09/2026 | J32: 15/09/2026 | K32: 15/09/2026 | L32: 15/09/2026 | M32: 15/09/2026
B33: Defect ID

Sheet FE-FormatRelativeTime
A2: Function Code | C2: =Functions!E25 -> FE-SHR-02 | F2: Function Name | L2: =Functions!D25 -> formatRelativeTime
A3: Created By | C3: Hoàng Đăng Khoa | F3: Executed By | L3: Hoàng Đăng Khoa
A4: Lines of code | C4: 19 | F4: Lack of test cases | L4: =IF(Functions!E6<>"N/A",SUM(C4*Functions!E6/1000,-O7),"N/A") -> -7.1
A5: Test requirement | C5: Show relative time for list items in English and Vietnamese; empty text for a missing or invalid date.
A6: Passed | C6: Failed | F6: Untested | L6: N/A/B | O6: Total Test Cases
A7: =COUNTIF(F33:T33,"P") -> 9 | C7: =COUNTIF(F33:T33,"F") -> 0 | F7: =SUM(O7,-A7,-C7) -> 0 | L7: =COUNTIF(F32:T32,"N") -> 6 | M7: =COUNTIF(F32:T32,"A") -> 1 | N7: =COUNTIF(F32:T32,"B") -> 2 | O7: =COUNTA(F9:T9) -> 9
F9: UTCID01 | G9: UTCID02 | H9: UTCID03 | I9: UTCID04 | J9: UTCID05 | K9: UTCID06 | L9: UTCID07 | M9: UTCID08 | N9: UTCID09
A10: Condition | B10: Precondition
B11: System time fixed at 15/06/2026 12:00 UTC | F11: O | G11: O | H11: O | I11: O | J11: O | K11: O | L11: O | M11: O | N11: O
B12: Input
B13: undefined / "not-a-date" | F13: O
B14: Age 0 ms, lang en | G14: O
B15: Age 0 ms, lang vi | H15: O
B16: Age 5 minutes, lang en | I16: O
B17: Age 5 minutes, lang vi | J17: O
B18: Age 3 hours, lang en | K18: O
B19: Age 3 hours, lang vi | L19: O
B20: Age 2 days, lang en | M20: O
B21: Age 2 days, lang vi | N21: O
A22: Confirm | B22: Return
B23: "" | F23: O
B24: "Just now" | G24: O
B25: "Vừa xong" | H25: O
B26: "5 min ago" | I26: O
B27: "5 phút trước" | J27: O
B28: "3h ago" | K28: O
B29: "3 giờ trước" | L29: O
B30: "2d ago" | M30: O
B31: "2 ngày trước" | N31: O
A32: Result | B32: Type(N : Normal, A : Abnormal, B : Boundary) | F32: A | G32: B | H32: B | I32: N | J32: N | K32: N | L32: N | M32: N | N32: N
B33: Passed/Failed | F33: P | G33: P | H33: P | I33: P | J33: P | K33: P | L33: P | M33: P | N33: P
B34: Executed Date | F34: 15/09/2026 | G34: 15/09/2026 | H34: 15/09/2026 | I34: 15/09/2026 | J34: 15/09/2026 | K34: 15/09/2026 | L34: 15/09/2026 | M34: 15/09/2026 | N34: 15/09/2026
B35: Defect ID

Sheet FE-NavUserDisplay
A2: Function Code | C2: =Functions!E26 -> FE-SHR-03 | F2: Function Name | L2: =Functions!D26 -> isAdminNavActive / isHrNavActive / getInitials / resolveAvatarUrl
A3: Created By | C3: Hoàng Đăng Khoa | F3: Executed By | L3: Hoàng Đăng Khoa
A4: Lines of code | C4: 57 | F4: Lack of test cases | L4: =IF(Functions!E6<>"N/A",SUM(C4*Functions!E6/1000,-O7),"N/A") -> -2.3
A5: Test requirement | C5: Highlight the active sidebar item for the current path, and build user initials and avatar URL.
A6: Passed | C6: Failed | F6: Untested | L6: N/A/B | O6: Total Test Cases
A7: =COUNTIF(F30:T30,"P") -> 8 | C7: =COUNTIF(F30:T30,"F") -> 0 | F7: =SUM(O7,-A7,-C7) -> 0 | L7: =COUNTIF(F29:T29,"N") -> 4 | M7: =COUNTIF(F29:T29,"A") -> 2 | N7: =COUNTIF(F29:T29,"B") -> 2 | O7: =COUNTA(F9:T9) -> 8
F9: UTCID01 | G9: UTCID02 | H9: UTCID03 | I9: UTCID04 | J9: UTCID05 | K9: UTCID06 | L9: UTCID07 | M9: UTCID08
A10: Condition | B10: Precondition
B11: Pure functions, no mocks | F11: O | G11: O | H11: O | I11: O | J11: O | K11: O | L11: O | M11: O
B12: Input
B13: Dashboard item on /admin, /admin/dashboard, /admin/users; Users item on /admin/users/ | F13: O
B14: Item /hr/dashboard on path /hr | G14: O
B15: Item /hr/settings on /hr/settings/billing | H15: O
B16: Item /hr/history on /hr/history/qs-1 | I16: O
B17: Item /hr/generate-question on /hr/generate-question/manual | J17: O
B18: "", " ", "Madonna", "Nguyen Van A", " Nguyen Van A " | K18: O
B19: user null / undefined | L19: O
B20: Avatar set on user / only candidate profile / only HR profile / blank | M20: O
A21: Confirm | B21: Return
B22: true, true, false, true | F22: O
B23: true | G23: O
B24: false (exact match only) | H24: O
B25: true (prefix match) | I25: O | J25: O
B26: "??", "??", "MA", "NA", "NA" | K26: O
B27: null | L27: O
B28: "top.png" / "c.png" / "h.png" / null | M28: O
A29: Result | B29: Type(N : Normal, A : Abnormal, B : Boundary) | F29: N | G29: B | H29: A | I29: N | J29: N | K29: B | L29: A | M29: N
B30: Passed/Failed | F30: P | G30: P | H30: P | I30: P | J30: P | K30: P | L30: P | M30: P
B31: Executed Date | F31: 15/09/2026 | G31: 15/09/2026 | H31: 15/09/2026 | I31: 15/09/2026 | J31: 15/09/2026 | K31: 15/09/2026 | L31: 15/09/2026 | M31: 15/09/2026
B32: Defect ID

Sheet FE-UrlAvatarMessages
A2: Function Code | C2: =Functions!E27 -> FE-SHR-04 | F2: Function Name | L2: =Functions!D27 -> isValidUrl / mapAvatarUploadError
A3: Created By | C3: Hoàng Đăng Khoa | F3: Executed By | L3: Hoàng Đăng Khoa
A4: Lines of code | C4: 22 | F4: Lack of test cases | L4: =IF(Functions!E6<>"N/A",SUM(C4*Functions!E6/1000,-O7),"N/A") -> -4.8
A5: Test requirement | C5: Validate optional profile URLs (http/https only) and map avatar upload error codes to messages.
A6: Passed | C6: Failed | F6: Untested | L6: N/A/B | O6: Total Test Cases
A7: =COUNTIF(F27:T27,"P") -> 7 | C7: =COUNTIF(F27:T27,"F") -> 0 | F7: =SUM(O7,-A7,-C7) -> 0 | L7: =COUNTIF(F26:T26,"N") -> 3 | M7: =COUNTIF(F26:T26,"A") -> 3 | N7: =COUNTIF(F26:T26,"B") -> 1 | O7: =COUNTA(F9:T9) -> 7
F9: UTCID01 | G9: UTCID02 | H9: UTCID03 | I9: UTCID04 | J9: UTCID05 | K9: UTCID06 | L9: UTCID07
A10: Condition | B10: Precondition
B11: Pure functions, no mocks | F11: O | G11: O | H11: O | I11: O | J11: O | K11: O | L11: O
B12: Input
B13: "" / " " | F13: O
B14: "https://example.com" | G14: O
B15: "javascript:alert(1)" | H15: O
B16: "not a url" | I16: O
B17: Error code "invalid_type" | J17: O
B18: Error code "too_large" | K18: O
B19: Error code "unknown_code" | L19: O
A20: Confirm | B20: Return
B21: true | F21: O | G21: O
B22: false | H22: O | I22: O
B23: "Invalid type." | J23: O
B24: "Too large." | K24: O
B25: "Upload failed." (fallback) | L25: O
A26: Result | B26: Type(N : Normal, A : Abnormal, B : Boundary) | F26: B | G26: N | H26: A | I26: A | J26: N | K26: N | L26: A
B27: Passed/Failed | F27: P | G27: P | H27: P | I27: P | J27: P | K27: P | L27: P
B28: Executed Date | F28: 15/09/2026 | G28: 15/09/2026 | H28: 15/09/2026 | I28: 15/09/2026 | J28: 15/09/2026 | K28: 15/09/2026 | L28: 15/09/2026
B29: Defect ID

Sheet FE-SubscriptionRealtime
A2: Function Code | C2: =Functions!E28 -> FE-SUB-01 | F2: Function Name | L2: =Functions!D28 -> createSubscriptionPaymentHubConnection / useSubscriptionRealtime
A3: Created By | C3: Hoàng Đăng Khoa | F3: Executed By | L3: Hoàng Đăng Khoa
A4: Lines of code | C4: 59 | F4: Lack of test cases | L4: =IF(Functions!E6<>"N/A",SUM(C4*Functions!E6/1000,-O7),"N/A") -> -0.1
A5: Test requirement | C5: Listen for subscription changes over SignalR and fall back to a 30-second poll when the hub connection cannot be created.
A6: Passed | C6: Failed | F6: Untested | L6: N/A/B | O6: Total Test Cases
A7: =COUNTIF(F28:T28,"P") -> 6 | C7: =COUNTIF(F28:T28,"F") -> 0 | F7: =SUM(O7,-A7,-C7) -> 0 | L7: =COUNTIF(F27:T27,"N") -> 3 | M7: =COUNTIF(F27:T27,"A") -> 2 | N7: =COUNTIF(F27:T27,"B") -> 1 | O7: =COUNTA(F9:T9) -> 6
F9: UTCID01 | G9: UTCID02 | H9: UTCID03 | I9: UTCID04 | J9: UTCID05 | K9: UTCID06
A10: Condition | B10: Precondition
B11: jsdom without NEXT_PUBLIC_API_BASE_URL (SignalR cannot connect) | F11: O | G11: O | H11: O | I11: O | J11: O | K11: O
B12: Fake timers | F12: O | G12: O | H12: O | I12: O | J12: O | K12: O
B13: Input
B14: Create the payment hub connection | F14: O
B15: Mount a component using useSubscriptionRealtime | G15: O
B16: Hook mounted, advance time by 30 s twice | H16: O
B17: enabled = false, advance time by 120 s | I17: O
B18: Advance 30 s, unmount, advance 60 s | J18: O
B19: Re-render with a new callback, advance 30 s | K19: O
A20: Confirm | B20: Return
B21: No exception (returns null when construction fails) | F21: O
B22: Mount does not crash | G22: O
B23: onSubscriptionChanged called once, then twice | H23: O
B24: onSubscriptionChanged never called | I24: O
B25: Called once only; poll cleared on unmount | J25: O
B26: Latest callback called; first callback not called | K26: O
A27: Result | B27: Type(N : Normal, A : Abnormal, B : Boundary) | F27: A | G27: A | H27: N | I27: B | J27: N | K27: N
B28: Passed/Failed | F28: P | G28: P | H28: P | I28: P | J28: P | K28: P
B29: Executed Date | F29: 15/09/2026 | G29: 15/09/2026 | H29: 15/09/2026 | I29: 15/09/2026 | J29: 15/09/2026 | K29: 15/09/2026
B30: Defect ID

Sheet FE-CandidatePlanCache
A2: Function Code | C2: =Functions!E29 -> FE-SUB-02 | F2: Function Name | L2: =Functions!D29 -> CandidateSubscriptionProvider
A3: Created By | C3: Hoàng Đăng Khoa | F3: Executed By | L3: Hoàng Đăng Khoa
A4: Lines of code | C4: 36 | F4: Lack of test cases | L4: =IF(Functions!E6<>"N/A",SUM(C4*Functions!E6/1000,-O7),"N/A") -> -0.4
A5: Test requirement | C5: Provide the candidate's plan, using a localStorage plan cache scoped to the user id before the API responds.
A6: Passed | C6: Failed | F6: Untested | L6: N/A/B | O6: Total Test Cases
A7: =COUNTIF(F23:T23,"P") -> 4 | C7: =COUNTIF(F23:T23,"F") -> 0 | F7: =SUM(O7,-A7,-C7) -> 0 | L7: =COUNTIF(F22:T22,"N") -> 2 | M7: =COUNTIF(F22:T22,"A") -> 1 | N7: =COUNTIF(F22:T22,"B") -> 1 | O7: =COUNTA(F9:T9) -> 4
F9: UTCID01 | G9: UTCID02 | H9: UTCID03 | I9: UTCID04
A10: Condition | B10: Precondition
B11: User is authenticated (interviewai_auth = true) | F11: O | G11: O | H11: O | I11: O
B12: Input
B13: Cache PREMIUM for user-A; user-B logs in; subscription API still pending | F13: O
B14: Cache PREMIUM for user-A; user-A logs in; API still pending | G14: O
B15: No cache; user-C logs in; API returns PREMIUM | H15: O
B16: No cache; user-D logs in; API returns FREE | I16: O
A17: Confirm | B17: Return
B18: Plan shown for user-B is FREE, never PREMIUM | F18: O
B19: PREMIUM applied immediately | G19: O
B20: PREMIUM shown; cache stores PREMIUM for user-C | H20: O
B21: FREE shown | I21: O
A22: Result | B22: Type(N : Normal, A : Abnormal, B : Boundary) | F22: A | G22: N | H22: N | I22: B
B23: Passed/Failed | F23: P | G23: P | H23: P | I23: P
B24: Executed Date | F24: 15/09/2026 | G24: 15/09/2026 | H24: 15/09/2026 | I24: 15/09/2026
B25: Defect ID

Sheet BE-CvCoachPromptBuilder
A2: Function Code | C2: =Functions!E30 -> BE-CAN-01 | F2: Function Name | L2: =Functions!D30 -> BuildSyntheticJd / DiagnosticHrNote / BuildCvContext
A3: Created By | C3: Nguyễn Minh Nam | F3: Executed By | L3: Hoàng Đăng Khoa
A4: Lines of code | C4: 34 | F4: Lack of test cases | L4: =IF(Functions!E6<>"N/A",SUM(C4*Functions!E6/1000,-O7),"N/A") -> 0.4
A5: Test requirement | C5: Build the synthetic JD, the diagnostic HR note and the CV context sent to the RAG service for the candidate AI Coach.
A6: Passed | C6: Failed | F6: Untested | L6: N/A/B | O6: Total Test Cases
A7: =COUNTIF(F21:T21,"P") -> 3 | C7: =COUNTIF(F21:T21,"F") -> 0 | F7: =SUM(O7,-A7,-C7) -> 0 | L7: =COUNTIF(F20:T20,"N") -> 3 | M7: =COUNTIF(F20:T20,"A") -> 0 | N7: =COUNTIF(F20:T20,"B") -> 0 | O7: =COUNTA(F9:T9) -> 3
F9: UTCID01 | G9: UTCID02 | H9: UTCID03
A10: Condition | B10: Precondition
B11: Static helper, no dependencies | F11: O | G11: O | H11: O
B12: Input
B13: BuildSyntheticJd("Backend", "Junior", "Built APIs", [C#, System Design]) | F13: O
B14: DiagnosticHrNote([C#]) | G14: O
B15: BuildCvContext("Built APIs", [C#]) | H15: O
A16: Confirm | B16: Return
B17: JD lists only C# and System Design and says "Do not invent job requirements outside this skill list" | F17: O
B18: Note asks for 10 questions starting easy and mentions C# | G18: O
B19: Context contains the summary and C# | H19: O
A20: Result | B20: Type(N : Normal, A : Abnormal, B : Boundary) | F20: N | G20: N | H20: N
B21: Passed/Failed | F21: P | G21: P | H21: P
B22: Executed Date | F22: 15/09/2026 | G22: 15/09/2026 | H22: 15/09/2026
B23: Defect ID

Sheet BE-SkillPlanResolveStatus
A2: Function Code | C2: =Functions!E31 -> BE-CAN-02 | F2: Function Name | L2: =Functions!D31 -> ResolveStatus
A3: Created By | C3: Nguyễn Minh Nam | F3: Executed By | L3: Hoàng Đăng Khoa
A4: Lines of code | C4: 8 | F4: Lack of test cases | L4: =IF(Functions!E6<>"N/A",SUM(C4*Functions!E6/1000,-O7),"N/A") -> -0.2
A5: Test requirement | C5: Resolve the status of a skill-plan item from its latest score and the target score.
A6: Passed | C6: Failed | F6: Untested | L6: N/A/B | O6: Total Test Cases
A7: =COUNTIF(F17:T17,"P") -> 1 | C7: =COUNTIF(F17:T17,"F") -> 0 | F7: =SUM(O7,-A7,-C7) -> 0 | L7: =COUNTIF(F16:T16,"N") -> 0 | M7: =COUNTIF(F16:T16,"A") -> 0 | N7: =COUNTIF(F16:T16,"B") -> 1 | O7: =COUNTA(F9:T9) -> 1
F9: UTCID01
A10: Condition | B10: Precondition
B11: Target score 70 | F11: O
B12: Input
B13: Score null / 69.9 / 70 | F13: O
A14: Confirm | B14: Return
B15: Pending / InProgress / Done | F15: O
A16: Result | B16: Type(N : Normal, A : Abnormal, B : Boundary) | F16: B
B17: Passed/Failed | F17: P
B18: Executed Date | F18: 15/09/2026
B19: Defect ID

Sheet BE-SkillMatchHelper
A2: Function Code | C2: =Functions!E32 -> BE-CAN-03 | F2: Function Name | L2: =Functions!D32 -> Compute / UnionCvSkills
A3: Created By | C3: Nguyễn Trung Hiền | F3: Executed By | L3: Hoàng Đăng Khoa
A4: Lines of code | C4: 64 | F4: Lack of test cases | L4: =IF(Functions!E6<>"N/A",SUM(C4*Functions!E6/1000,-O7),"N/A") -> 3.4
A5: Test requirement | C5: Compare a question set's skills with the candidate's skills and merge CV skills from the tech stack and the CV evaluation JSON.
A6: Passed | C6: Failed | F6: Untested | L6: N/A/B | O6: Total Test Cases
A7: =COUNTIF(F21:T21,"P") -> 3 | C7: =COUNTIF(F21:T21,"F") -> 0 | F7: =SUM(O7,-A7,-C7) -> 0 | L7: =COUNTIF(F20:T20,"N") -> 2 | M7: =COUNTIF(F20:T20,"A") -> 0 | N7: =COUNTIF(F20:T20,"B") -> 1 | O7: =COUNTA(F9:T9) -> 3
F9: UTCID01 | G9: UTCID02 | H9: UTCID03
A10: Condition | B10: Precondition
B11: Static helper, case-insensitive skill comparison | F11: O | G11: O | H11: O
B12: Input
B13: Set skills [C#, SQL, React]; candidate [c#, python] | F13: O
B14: Set skills empty; candidate [C#] | G14: O
B15: Tech stack [C#, SQL] + evaluation JSON skills [System Design, C#] | H15: O
A16: Confirm | B16: Return
B17: Percent 33; 1 matched; 2 missing | F17: O
B18: Percent null | G18: O
B19: Union contains C#, SQL and System Design | H19: O
A20: Result | B20: Type(N : Normal, A : Abnormal, B : Boundary) | F20: N | G20: B | H20: N
B21: Passed/Failed | F21: P | G21: P | H21: P
B22: Executed Date | F22: 15/09/2026 | G22: 15/09/2026 | H22: 15/09/2026
B23: Defect ID

Sheet BE-AchievementRules
A2: Function Code | C2: =Functions!E33 -> BE-GAM-01 | F2: Function Name | L2: =Functions!D33 -> IsUnlocked / Code
A3: Created By | C3: Nguyễn Trung Hiền | F3: Executed By | L3: Hoàng Đăng Khoa
A4: Lines of code | C4: 55 | F4: Lack of test cases | L4: =IF(Functions!E6<>"N/A",SUM(C4*Functions!E6/1000,-O7),"N/A") -> -3.5
A5: Test requirement | C5: Decide when each of the 8 achievements is unlocked from the user's practice counters.
A6: Passed | C6: Failed | F6: Untested | L6: N/A/B | O6: Total Test Cases
A7: =COUNTIF(F32:T32,"P") -> 9 | C7: =COUNTIF(F32:T32,"F") -> 0 | F7: =SUM(O7,-A7,-C7) -> 0 | L7: =COUNTIF(F31:T31,"N") -> 1 | M7: =COUNTIF(F31:T31,"A") -> 0 | N7: =COUNTIF(F31:T31,"B") -> 8 | O7: =COUNTA(F9:T9) -> 9
F9: UTCID01 | G9: UTCID02 | H9: UTCID03 | I9: UTCID04 | J9: UTCID05 | K9: UTCID06 | L9: UTCID07 | M9: UTCID08 | N9: UTCID09
A10: Condition | B10: Precondition
B11: AchievementEvaluationContext with the counter under test; all other counters 0 | F11: O | G11: O | H11: O | I11: O | J11: O | K11: O | L11: O | M11: O | N11: O
B12: Input
B13: FirstStep: completed sessions 0 / 1 | F13: O
B14: OnFire: current streak 6 / 7 | G14: O
B15: ExcellentAnswer: last score 89 / 90 / null | H15: O
B16: Dedicated: questions completed 99 / 100 | I16: O
B17: TechnicalMind: technical questions 49 / 50 | J17: O
B18: SystemThinker: system design questions 29 / 30 | K18: O
B19: Consistency: daily goal days 9 / 10 | L19: O
B20: InterviewVeteran: completed sessions 99 / 100 | M20: O
B21: All 8 rule instances | N21: O
A22: Confirm | B22: Return
B23: Code FirstStep; locked at 0, unlocked at 1 | F23: O
B24: Locked at 6, unlocked at 7 | G24: O
B25: Locked at 89 and null, unlocked at 90 | H25: O
B26: Locked at 99, unlocked at 100 | I26: O | M26: O
B27: Locked at 49, unlocked at 50 | J27: O
B28: Locked at 29, unlocked at 30 | K28: O
B29: Locked at 9, unlocked at 10 | L29: O
B30: Rule codes are unique | N30: O
A31: Result | B31: Type(N : Normal, A : Abnormal, B : Boundary) | F31: B | G31: B | H31: B | I31: B | J31: B | K31: B | L31: B | M31: B | N31: N
B32: Passed/Failed | F32: P | G32: P | H32: P | I32: P | J32: P | K32: P | L32: P | M32: P | N32: P
B33: Executed Date | F33: 15/09/2026 | G33: 15/09/2026 | H33: 15/09/2026 | I33: 15/09/2026 | J33: 15/09/2026 | K33: 15/09/2026 | L33: 15/09/2026 | M33: 15/09/2026 | N33: 15/09/2026
B34: Defect ID

Sheet BE-LevelCalculator-Level
A2: Function Code | C2: =Functions!E34 -> BE-GAM-02 | F2: Function Name | L2: =Functions!D34 -> CalculateLevel
A3: Created By | C3: Nguyễn Trung Hiền | F3: Executed By | L3: Hoàng Đăng Khoa
A4: Lines of code | C4: 10 | F4: Lack of test cases | L4: =IF(Functions!E6<>"N/A",SUM(C4*Functions!E6/1000,-O7),"N/A") -> -14
A5: Test requirement | C5: Calculate the user's level from total XP using the level thresholds.
A6: Passed | C6: Failed | F6: Untested | L6: N/A/B | O6: Total Test Cases
A7: =COUNTIF(F37:T37,"P") -> 15 | C7: =COUNTIF(F37:T37,"F") -> 0 | F7: =SUM(O7,-A7,-C7) -> 0 | L7: =COUNTIF(F36:T36,"N") -> 0 | M7: =COUNTIF(F36:T36,"A") -> 0 | N7: =COUNTIF(F36:T36,"B") -> 15 | O7: =COUNTA(F9:T9) -> 15
F9: UTCID01 | G9: UTCID02 | H9: UTCID03 | I9: UTCID04 | J9: UTCID05 | K9: UTCID06 | L9: UTCID07 | M9: UTCID08 | N9: UTCID09 | O9: UTCID10 | P9: UTCID11 | Q9: UTCID12 | R9: UTCID13 | S9: UTCID14 | T9: UTCID15
A10: Condition | B10: Precondition
B11: LevelCalculator with default GamificationOptions | F11: O | G11: O | H11: O | I11: O | J11: O | K11: O | L11: O | M11: O | N11: O | O11: O | P11: O | Q11: O | R11: O | S11: O | T11: O
B12: Input
B13: Total XP 0 | F13: O | G13: O
B14: Total XP 99 | H14: O
B15: Total XP 100 | I15: O
B16: Total XP 249 | J16: O
B17: Total XP 250 | K17: O
B18: Total XP 449 | L18: O
B19: Total XP 450 | M19: O
B20: Total XP 699 | N20: O
B21: Total XP 700 | O21: O
B22: Total XP 999 | P22: O
B23: Total XP 1000 | Q23: O
B24: Total XP 1349 | R24: O
B25: Total XP 1350 | S25: O
B26: Total XP 50,000,000 | T26: O
A27: Confirm | B27: Return
B28: Level 1 | F28: O | G28: O | H28: O
B29: Level 2 | I29: O | J29: O
B30: Level 3 | K30: O | L30: O
B31: Level 4 | M31: O | N31: O
B32: Level 5 | O32: O | P32: O
B33: Level 6 | Q33: O | R33: O
B34: Level 7 | S34: O
B35: No exception; total XP of that level <= 50,000,000 < total XP of the next level | T35: O
A36: Result | B36: Type(N : Normal, A : Abnormal, B : Boundary) | F36: B | G36: B | H36: B | I36: B | J36: B | K36: B | L36: B | M36: B | N36: B | O36: B | P36: B | Q36: B | R36: B | S36: B | T36: B
B37: Passed/Failed | F37: P | G37: P | H37: P | I37: P | J37: P | K37: P | L37: P | M37: P | N37: P | O37: P | P37: P | Q37: P | R37: P | S37: P | T37: P
B38: Executed Date | F38: 15/09/2026 | G38: 15/09/2026 | H38: 15/09/2026 | I38: 15/09/2026 | J38: 15/09/2026 | K38: 15/09/2026 | L38: 15/09/2026 | M38: 15/09/2026 | N38: 15/09/2026 | O38: 15/09/2026 | P38: 15/09/2026 | Q38: 15/09/2026 | R38: 15/09/2026 | S38: 15/09/2026 | T38: 15/09/2026
B39: Defect ID

Sheet BE-LevelCalculator-Xp
A2: Function Code | C2: =Functions!E35 -> BE-GAM-03 | F2: Function Name | L2: =Functions!D35 -> GetXpRequiredForNextLevel / GetTotalXpForLevel / GetCurrentLevelXp / GetProgressPercentage
A3: Created By | C3: Nguyễn Trung Hiền | F3: Executed By | L3: Hoàng Đăng Khoa
A4: Lines of code | C4: 28 | F4: Lack of test cases | L4: =IF(Functions!E6<>"N/A",SUM(C4*Functions!E6/1000,-O7),"N/A") -> -12.2
A5: Test requirement | C5: Calculate XP needed for the next level, total XP of a level, XP inside the current level and progress percentage.
A6: Passed | C6: Failed | F6: Untested | L6: N/A/B | O6: Total Test Cases
A7: =COUNTIF(F45:T45,"P") -> 15 | C7: =COUNTIF(F45:T45,"F") -> 0 | F7: =SUM(O7,-A7,-C7) -> 0 | L7: =COUNTIF(F44:T44,"N") -> 13 | M7: =COUNTIF(F44:T44,"A") -> 0 | N7: =COUNTIF(F44:T44,"B") -> 2 | O7: =COUNTA(F9:T9) -> 15
F9: UTCID01 | G9: UTCID02 | H9: UTCID03 | I9: UTCID04 | J9: UTCID05 | K9: UTCID06 | L9: UTCID07 | M9: UTCID08 | N9: UTCID09 | O9: UTCID10 | P9: UTCID11 | Q9: UTCID12 | R9: UTCID13 | S9: UTCID14 | T9: UTCID15
A10: Condition | B10: Precondition
B11: LevelCalculator with default GamificationOptions | F11: O | G11: O | H11: O | I11: O | J11: O | K11: O | L11: O | M11: O | N11: O | O11: O | P11: O | Q11: O | R11: O | S11: O | T11: O
B12: Input
B13: XP required after level 1 | F13: O
B14: XP required after level 2 | G14: O
B15: XP required after level 3 | H15: O
B16: XP required after level 4 | I16: O
B17: XP required after level 5 | J17: O
B18: XP required after level 6 | K18: O
B19: Total XP for level 1 | L19: O
B20: Total XP for level 2 | M20: O
B21: Total XP for level 3 | N21: O
B22: Total XP for level 4 | O22: O
B23: Total XP for level 5 | P23: O
B24: Total XP for level 6 | Q24: O
B25: Total XP for level 7 | R25: O
B26: Total XP 175 (level 2 starts at 100, next level needs 150) | S26: O
B27: Total XP 0 | T27: O
A28: Confirm | B28: Return
B29: Required XP = 100 | F29: O
B30: Required XP = 150 | G30: O
B31: Required XP = 200 | H31: O
B32: Required XP = 250 | I32: O
B33: Required XP = 300 | J33: O
B34: Required XP = 350 | K34: O
B35: Total XP = 0 | L35: O
B36: Total XP = 100 | M36: O
B37: Total XP = 250 | N37: O
B38: Total XP = 450 | O38: O
B39: Total XP = 700 | P39: O
B40: Total XP = 1000 | Q40: O
B41: Total XP = 1350 | R41: O
B42: Current level XP 75; progress 50% | S42: O
B43: Progress between 0% and 100% | T43: O
A44: Result | B44: Type(N : Normal, A : Abnormal, B : Boundary) | F44: N | G44: N | H44: N | I44: N | J44: N | K44: N | L44: B | M44: N | N44: N | O44: N | P44: N | Q44: N | R44: N | S44: N | T44: B
B45: Passed/Failed | F45: P | G45: P | H45: P | I45: P | J45: P | K45: P | L45: P | M45: P | N45: P | O45: P | P45: P | Q45: P | R45: P | S45: P | T45: P
B46: Executed Date | F46: 15/09/2026 | G46: 15/09/2026 | H46: 15/09/2026 | I46: 15/09/2026 | J46: 15/09/2026 | K46: 15/09/2026 | L46: 15/09/2026 | M46: 15/09/2026 | N46: 15/09/2026 | O46: 15/09/2026 | P46: 15/09/2026 | Q46: 15/09/2026 | R46: 15/09/2026 | S46: 15/09/2026 | T46: 15/09/2026
B47: Defect ID

Sheet BE-StreakCalculator
A2: Function Code | C2: =Functions!E36 -> BE-GAM-04 | F2: Function Name | L2: =Functions!D36 -> Compute
A3: Created By | C3: Nguyễn Trung Hiền | F3: Executed By | L3: Hoàng Đăng Khoa
A4: Lines of code | C4: 17 | F4: Lack of test cases | L4: =IF(Functions!E6<>"N/A",SUM(C4*Functions!E6/1000,-O7),"N/A") -> -4.3
A5: Test requirement | C5: Update the current and longest practice streak when the user is active on a local date.
A6: Passed | C6: Failed | F6: Untested | L6: N/A/B | O6: Total Test Cases
A7: =COUNTIF(F27:T27,"P") -> 6 | C7: =COUNTIF(F27:T27,"F") -> 0 | F7: =SUM(O7,-A7,-C7) -> 0 | L7: =COUNTIF(F26:T26,"N") -> 3 | M7: =COUNTIF(F26:T26,"A") -> 1 | N7: =COUNTIF(F26:T26,"B") -> 2 | O7: =COUNTA(F9:T9) -> 6
F9: UTCID01 | G9: UTCID02 | H9: UTCID03 | I9: UTCID04 | J9: UTCID05 | K9: UTCID06
A10: Condition | B10: Precondition
B11: Today = 09/08/2026 (local date already resolved) | F11: O | G11: O | H11: O | I11: O | J11: O | K11: O
B12: Input
B13: No previous active date; current 0, longest 0 | F13: O
B14: Previous active date = today; current 4, longest 6 | G14: O
B15: Previous active date = yesterday; current 4, longest 4 | H15: O
B16: Previous active date = 3 days ago; current 10, longest 15 | I16: O
B17: Previous active date = yesterday; current 6, longest 6 | J17: O
B18: Previous active date = yesterday (activity just after local midnight); current 1, longest 1 | K18: O
A19: Confirm | B19: Return
B20: Current 1, longest 1, new active day | F20: O
B21: Current 4, longest 6, not a new active day | G21: O
B22: Current 5, longest 5, new active day | H22: O
B23: Current 1, longest 15, new active day | I23: O
B24: Current 7, longest 7 | J24: O
B25: Current 2, new active day | K25: O
A26: Result | B26: Type(N : Normal, A : Abnormal, B : Boundary) | F26: N | G26: N | H26: N | I26: A | J26: B | K26: B
B27: Passed/Failed | F27: P | G27: P | H27: P | I27: P | J27: P | K27: P
B28: Executed Date | F28: 15/09/2026 | G28: 15/09/2026 | H28: 15/09/2026 | I28: 15/09/2026 | J28: 15/09/2026 | K28: 15/09/2026
B29: Defect ID

Sheet BE-UserLocalDateProvider
A2: Function Code | C2: =Functions!E37 -> BE-GAM-05 | F2: Function Name | L2: =Functions!D37 -> GetLocalDateAsync
A3: Created By | C3: Nguyễn Trung Hiền | F3: Executed By | L3: Hoàng Đăng Khoa
A4: Lines of code | C4: 22 | F4: Lack of test cases | L4: =IF(Functions!E6<>"N/A",SUM(C4*Functions!E6/1000,-O7),"N/A") -> -1.8
A5: Test requirement | C5: Convert a UTC instant to the candidate's local date using the profile time zone, falling back to the UTC date.
A6: Passed | C6: Failed | F6: Untested | L6: N/A/B | O6: Total Test Cases
A7: =COUNTIF(F23:T23,"P") -> 4 | C7: =COUNTIF(F23:T23,"F") -> 0 | F7: =SUM(O7,-A7,-C7) -> 0 | L7: =COUNTIF(F22:T22,"N") -> 1 | M7: =COUNTIF(F22:T22,"A") -> 3 | N7: =COUNTIF(F22:T22,"B") -> 0 | O7: =COUNTA(F9:T9) -> 4
F9: UTCID01 | G9: UTCID02 | H9: UTCID03 | I9: UTCID04
A10: Condition | B10: Precondition
B11: UTC instant 09/08/2026 17:30 (= 10/08/2026 00:30 in UTC+7) | F11: O | G11: O | H11: O | I11: O
B12: Candidate profile repository is an in-memory fake | F12: O | G12: O | H12: O | I12: O
B13: Input
B14: No candidate profile | F14: O
B15: Profile TimeZoneId = null | G15: O
B16: TimeZoneId = Asia/Ho_Chi_Minh | H16: O
B17: TimeZoneId = Not/A_Real_Zone | I17: O
A18: Confirm | B18: Return
B19: 09/08/2026 (UTC date) | F19: O | G19: O
B20: 10/08/2026 (local date) | H20: O
B21: 09/08/2026 (UTC date), no exception | I21: O
A22: Result | B22: Type(N : Normal, A : Abnormal, B : Boundary) | F22: A | G22: A | H22: N | I22: A
B23: Passed/Failed | F23: P | G23: P | H23: P | I23: P
B24: Executed Date | F24: 15/09/2026 | G24: 15/09/2026 | H24: 15/09/2026 | I24: 15/09/2026
B25: Defect ID

Sheet BE-XpRewardPolicy-Score
A2: Function Code | C2: =Functions!E38 -> BE-GAM-06 | F2: Function Name | L2: =Functions!D38 -> GetScoreBonus
A3: Created By | C3: Nguyễn Trung Hiền | F3: Executed By | L3: Hoàng Đăng Khoa
A4: Lines of code | C4: 11 | F4: Lack of test cases | L4: =IF(Functions!E6<>"N/A",SUM(C4*Functions!E6/1000,-O7),"N/A") -> -8.9
A5: Test requirement | C5: Give bonus XP for an answer score by score tier; reject scores outside 0-100.
A6: Passed | C6: Failed | F6: Untested | L6: N/A/B | O6: Total Test Cases
A7: =COUNTIF(F31:T31,"P") -> 10 | C7: =COUNTIF(F31:T31,"F") -> 0 | F7: =SUM(O7,-A7,-C7) -> 0 | L7: =COUNTIF(F30:T30,"N") -> 0 | M7: =COUNTIF(F30:T30,"A") -> 2 | N7: =COUNTIF(F30:T30,"B") -> 8 | O7: =COUNTA(F9:T9) -> 10
F9: UTCID01 | G9: UTCID02 | H9: UTCID03 | I9: UTCID04 | J9: UTCID05 | K9: UTCID06 | L9: UTCID07 | M9: UTCID08 | N9: UTCID09 | O9: UTCID10
A10: Condition | B10: Precondition
B11: XpRewardPolicy with default GamificationOptions | F11: O | G11: O | H11: O | I11: O | J11: O | K11: O | L11: O | M11: O | N11: O | O11: O
B12: Input
B13: Score 0 | F13: O
B14: Score 59 | G14: O
B15: Score 60 | H15: O
B16: Score 74 | I16: O
B17: Score 75 | J17: O
B18: Score 89 | K18: O
B19: Score 90 | L19: O
B20: Score 100 | M20: O
B21: Score -0.01 | N21: O
B22: Score 100.01 | O22: O
A23: Confirm | B23: Return
B24: Bonus 0 XP | F24: O | G24: O
B25: Bonus 2 XP | H25: O | I25: O
B26: Bonus 4 XP | J26: O | K26: O
B27: Bonus 6 XP | L27: O | M27: O
B28: Exception
B29: ArgumentOutOfRangeException | N29: O | O29: O
A30: Result | B30: Type(N : Normal, A : Abnormal, B : Boundary) | F30: B | G30: B | H30: B | I30: B | J30: B | K30: B | L30: B | M30: B | N30: A | O30: A
B31: Passed/Failed | F31: P | G31: P | H31: P | I31: P | J31: P | K31: P | L31: P | M31: P | N31: P | O31: P
B32: Executed Date | F32: 15/09/2026 | G32: 15/09/2026 | H32: 15/09/2026 | I32: 15/09/2026 | J32: 15/09/2026 | K32: 15/09/2026 | L32: 15/09/2026 | M32: 15/09/2026 | N32: 15/09/2026 | O32: 15/09/2026
B33: Defect ID

Sheet BE-XpRewardPolicy-Bonus
A2: Function Code | C2: =Functions!E39 -> BE-GAM-07 | F2: Function Name | L2: =Functions!D39 -> IsImprovementEligible / TryGetStreakMilestoneXp / fixed XP amounts
A3: Created By | C3: Nguyễn Trung Hiền | F3: Executed By | L3: Hoàng Đăng Khoa
A4: Lines of code | C4: 4 | F4: Lack of test cases | L4: =IF(Functions!E6<>"N/A",SUM(C4*Functions!E6/1000,-O7),"N/A") -> -10.6
A5: Test requirement | C5: Decide the improvement bonus (+10 points), streak milestone XP and the fixed XP amounts.
A6: Passed | C6: Failed | F6: Untested | L6: N/A/B | O6: Total Test Cases
A7: =COUNTIF(F34:T34,"P") -> 11 | C7: =COUNTIF(F34:T34,"F") -> 0 | F7: =SUM(O7,-A7,-C7) -> 0 | L7: =COUNTIF(F33:T33,"N") -> 8 | M7: =COUNTIF(F33:T33,"A") -> 0 | N7: =COUNTIF(F33:T33,"B") -> 3 | O7: =COUNTA(F9:T9) -> 11
F9: UTCID01 | G9: UTCID02 | H9: UTCID03 | I9: UTCID04 | J9: UTCID05 | K9: UTCID06 | L9: UTCID07 | M9: UTCID08 | N9: UTCID09 | O9: UTCID10 | P9: UTCID11
A10: Condition | B10: Precondition
B11: XpRewardPolicy with default GamificationOptions | F11: O | G11: O | H11: O | I11: O | J11: O | K11: O | L11: O | M11: O | N11: O | O11: O | P11: O
B12: Input
B13: Previous score 61, current 70 (+9) | F13: O
B14: Previous score 61, current 71 (+10) | G14: O
B15: Previous score 61, current 72 (+11) | H15: O
B16: Streak 3 days | I16: O
B17: Streak 7 days | J17: O
B18: Streak 14 days | K18: O
B19: Streak 30 days | L19: O
B20: Streak 1 days | M20: O
B21: Streak 5 days | N21: O
B22: Streak 31 days | O22: O
B23: Default options | P23: O
A24: Confirm | B24: Return
B25: Not eligible | F25: O
B26: Eligible | G26: O | H26: O
B27: Milestone found: 20 XP | I27: O
B28: Milestone found: 50 XP | J28: O
B29: Milestone found: 100 XP | K29: O
B30: Milestone found: 200 XP | L30: O
B31: No milestone | M31: O | N31: O | O31: O
B32: Question 10 XP, question set 20 XP, improvement bonus 5 XP | P32: O
A33: Result | B33: Type(N : Normal, A : Abnormal, B : Boundary) | F33: B | G33: B | H33: N | I33: N | J33: N | K33: N | L33: N | M33: N | N33: N | O33: B | P33: N
B34: Passed/Failed | F34: P | G34: P | H34: P | I34: P | J34: P | K34: P | L34: P | M34: P | N34: P | O34: P | P34: P
B35: Executed Date | F35: 15/09/2026 | G35: 15/09/2026 | H35: 15/09/2026 | I35: 15/09/2026 | J35: 15/09/2026 | K35: 15/09/2026 | L35: 15/09/2026 | M35: 15/09/2026 | N35: 15/09/2026 | O35: 15/09/2026 | P35: 15/09/2026
B36: Defect ID

Sheet BE-PublishQuestionSelection
A2: Function Code | C2: =Functions!E40 -> BE-QS-01 | F2: Function Name | L2: =Functions!D40 -> ApplySelection / MapInterviewSelectionToSetQuestionIds
A3: Created By | C3: Nguyễn Trung Hiền | F3: Executed By | L3: Hoàng Đăng Khoa
A4: Lines of code | C4: 49 | F4: Lack of test cases | L4: =IF(Functions!E6<>"N/A",SUM(C4*Functions!E6/1000,-O7),"N/A") -> 0.9
A5: Test requirement | C5: Apply the HR's publish selection (soft-deactivate unselected questions) and map interview questions to set question ids.
A6: Passed | C6: Failed | F6: Untested | L6: N/A/B | O6: Total Test Cases
A7: =COUNTIF(F24:T24,"P") -> 4 | C7: =COUNTIF(F24:T24,"F") -> 0 | F7: =SUM(O7,-A7,-C7) -> 0 | L7: =COUNTIF(F23:T23,"N") -> 2 | M7: =COUNTIF(F23:T23,"A") -> 1 | N7: =COUNTIF(F23:T23,"B") -> 1 | O7: =COUNTA(F9:T9) -> 4
F9: UTCID01 | G9: UTCID02 | H9: UTCID03 | I9: UTCID04
A10: Condition | B10: Precondition
B11: Static helper; question state held in a dictionary | F11: O | G11: O | H11: O | I11: O
B12: Input
B13: 3 active questions a, b, c; selected [a, c] | F13: O
B14: a active, b inactive; selected [] | G14: O
B15: Selected id is not in the set | H15: O
B16: Interview questions matched to set questions by content, then order | I16: O
A17: Confirm | B17: Return
B18: Returns 2 active; b deactivated | F18: O
B19: Returns 1; no state change | G19: O
B20: Mapped ids [sq1, sq3] | I20: O
B21: Exception
B22: ArgumentException | H22: O
A23: Result | B23: Type(N : Normal, A : Abnormal, B : Boundary) | F23: N | G23: B | H23: A | I23: N
B24: Passed/Failed | F24: P | G24: P | H24: P | I24: P
B25: Executed Date | F25: 15/09/2026 | G25: 15/09/2026 | H25: 15/09/2026 | I25: 15/09/2026
B26: Defect ID

Sheet BE-RubricNormalizer
A2: Function Code | C2: =Functions!E41 -> BE-QS-02 | F2: Function Name | L2: =Functions!D41 -> NormalizeFromLegacyStrings / NormalizeFromJson / IsPublishReady / FlattenForEvaluate
A3: Created By | C3: Nguyễn Minh Nam | F3: Executed By | L3: Hoàng Đăng Khoa
A4: Lines of code | C4: 64 | F4: Lack of test cases | L4: =IF(Functions!E6<>"N/A",SUM(C4*Functions!E6/1000,-O7),"N/A") -> 2.4
A5: Test requirement | C5: Normalize scoring rubrics (legacy strings or rubric v1 JSON) to weighted criteria with anchors, check publish readiness and flatten for AI evaluation.
A6: Passed | C6: Failed | F6: Untested | L6: N/A/B | O6: Total Test Cases
A7: =COUNTIF(F23:T23,"P") -> 4 | C7: =COUNTIF(F23:T23,"F") -> 0 | F7: =SUM(O7,-A7,-C7) -> 0 | L7: =COUNTIF(F22:T22,"N") -> 4 | M7: =COUNTIF(F22:T22,"A") -> 0 | N7: =COUNTIF(F22:T22,"B") -> 0 | O7: =COUNTA(F9:T9) -> 4
F9: UTCID01 | G9: UTCID02 | H9: UTCID03 | I9: UTCID04
A10: Condition | B10: Precondition
B11: Static helper, no dependencies | F11: O | G11: O | H11: O | I11: O
B12: Input
B13: Legacy criteria [A, B, C] | F13: O
B14: Normalized rubric [Accuracy, Depth] | G14: O
B15: Normalized rubric [DI lifecycle] | H15: O
B16: Rubric v1 JSON with 2 criteria (60/40) and anchors | I16: O
A17: Confirm | B17: Return
B18: 3 criteria, weights total 100, each with at least 2 anchors | F18: O
B19: Publish ready = true | G19: O
B20: 1 flattened line containing "Mốc:" anchors | H20: O
B21: 2 criteria, total 100, publish ready | I21: O
A22: Result | B22: Type(N : Normal, A : Abnormal, B : Boundary) | F22: N | G22: N | H22: N | I22: N
B23: Passed/Failed | F23: P | G23: P | H23: P | I23: P
B24: Executed Date | F24: 15/09/2026 | G24: 15/09/2026 | H24: 15/09/2026 | I24: 15/09/2026
B25: Defect ID

Sheet BE-CitationSourceScope
A2: Function Code | C2: =Functions!E42 -> BE-QS-03 | F2: Function Name | L2: =Functions!D42 -> ExtractCitationSourcesWithScope / BuildPlanSourceDetails / ExtractCitations
A3: Created By | C3: Nguyễn Minh Nam | F3: Executed By | L3: Hoàng Đăng Khoa
A4: Lines of code | C4: 74 | F4: Lack of test cases | L4: =IF(Functions!E6<>"N/A",SUM(C4*Functions!E6/1000,-O7),"N/A") -> 4.4
A5: Test requirement | C5: Label plan sources and citations with their scope (JD, HR or SYSTEM knowledge base).
A6: Passed | C6: Failed | F6: Untested | L6: N/A/B | O6: Total Test Cases
A7: =COUNTIF(F21:T21,"P") -> 3 | C7: =COUNTIF(F21:T21,"F") -> 0 | F7: =SUM(O7,-A7,-C7) -> 0 | L7: =COUNTIF(F20:T20,"N") -> 3 | M7: =COUNTIF(F20:T20,"A") -> 0 | N7: =COUNTIF(F20:T20,"B") -> 0 | O7: =COUNTA(F9:T9) -> 3
F9: UTCID01 | G9: UTCID02 | H9: UTCID03
A10: Condition | B10: Precondition
B11: Static mappers, citation JSON built in the test | F11: O | G11: O | H11: O
B12: Input
B13: Citations job-description (hr), policy.pdf (system), hr-guide.pdf (hr) | F13: O
B14: sourcesUsed [job-description, knowledge-documents:2, rag-retrieve, policy.pdf] + a system citation | G14: O
B15: Raw dictionary citation internal.pdf with knowledgeBase system | H15: O
A16: Confirm | B16: Return
B17: Scopes JD, SYSTEM, HR | F17: O
B18: Scopes JD, HR, none, SYSTEM | G18: O
B19: 1 citation: knowledge base system, source internal.pdf | H19: O
A20: Result | B20: Type(N : Normal, A : Abnormal, B : Boundary) | F20: N | G20: N | H20: N
B21: Passed/Failed | F21: P | G21: P | H21: P
B22: Executed Date | F22: 15/09/2026 | G22: 15/09/2026 | H22: 15/09/2026
B23: Defect ID

Sheet BE-JdFitReviewMapper
A2: Function Code | C2: =Functions!E43 -> BE-HR-01 | F2: Function Name | L2: =Functions!D43 -> NormalizeVerdict / StripNumeric / Map
A3: Created By | C3: Nguyễn Minh Nam | F3: Executed By | L3: Hoàng Đăng Khoa
A4: Lines of code | C4: 67 | F4: Lack of test cases | L4: =IF(Functions!E6<>"N/A",SUM(C4*Functions!E6/1000,-O7),"N/A") -> -1.3
A5: Test requirement | C5: Map the RAG JD-fit review of a question set: normalize the verdict label, remove numeric scores from text and drop unknown flags/actions.
A6: Passed | C6: Failed | F6: Untested | L6: N/A/B | O6: Total Test Cases
A7: =COUNTIF(F30:T30,"P") -> 8 | C7: =COUNTIF(F30:T30,"F") -> 0 | F7: =SUM(O7,-A7,-C7) -> 0 | L7: =COUNTIF(F29:T29,"N") -> 6 | M7: =COUNTIF(F29:T29,"A") -> 2 | N7: =COUNTIF(F29:T29,"B") -> 0 | O7: =COUNTA(F9:T9) -> 8
F9: UTCID01 | G9: UTCID02 | H9: UTCID03 | I9: UTCID04 | J9: UTCID05 | K9: UTCID06 | L9: UTCID07 | M9: UTCID08
A10: Condition | B10: Precondition
B11: Static mapper, no dependencies | F11: O | G11: O | H11: O | I11: O | J11: O | K11: O | L11: O | M11: O
B12: Input
B13: Verdict label "excellent" | F13: O
B14: Verdict label "Tuyệt vời" | G14: O
B15: Verdict label "tốt" | H15: O
B16: Verdict label "Tương đối" | I16: O
B17: Verdict label "Chưa phù hợp" | J17: O
B18: Verdict label "nope" | K18: O
B19: Text "Bộ tốt 85/100 và cover 72%." | L19: O
B20: RAG result with flags onJd + unknown and actions add + explode | M20: O
A21: Confirm | B21: Return
B22: Verdict "excellent" | F22: O | G22: O
B23: Verdict "good" | H23: O
B24: Verdict "fair" | I24: O
B25: Verdict "unfit" | J25: O
B26: Verdict null | K26: O
B27: Text without 85, 72 or % | L27: O
B28: Verdict good; only flag onJd and action add kept; JD source kept | M28: O
A29: Result | B29: Type(N : Normal, A : Abnormal, B : Boundary) | F29: N | G29: N | H29: N | I29: N | J29: N | K29: A | L29: N | M29: A
B30: Passed/Failed | F30: P | G30: P | H30: P | I30: P | J30: P | K30: P | L30: P | M30: P
B31: Executed Date | F31: 15/09/2026 | G31: 15/09/2026 | H31: 15/09/2026 | I31: 15/09/2026 | J31: 15/09/2026 | K31: 15/09/2026 | L31: 15/09/2026 | M31: 15/09/2026
B32: Defect ID

Sheet BE-JdFitContentHash
A2: Function Code | C2: =Functions!E44 -> BE-HR-02 | F2: Function Name | L2: =Functions!D44 -> Compute
A3: Created By | C3: Nguyễn Minh Nam | F3: Executed By | L3: Hoàng Đăng Khoa
A4: Lines of code | C4: 22 | F4: Lack of test cases | L4: =IF(Functions!E6<>"N/A",SUM(C4*Functions!E6/1000,-O7),"N/A") -> 1.2
A5: Test requirement | C5: Hash the JD and question texts so a cached JD-fit review is refreshed when either changes.
A6: Passed | C6: Failed | F6: Untested | L6: N/A/B | O6: Total Test Cases
A7: =COUNTIF(F17:T17,"P") -> 1 | C7: =COUNTIF(F17:T17,"F") -> 0 | F7: =SUM(O7,-A7,-C7) -> 0 | L7: =COUNTIF(F16:T16,"N") -> 1 | M7: =COUNTIF(F16:T16,"A") -> 0 | N7: =COUNTIF(F16:T16,"B") -> 0 | O7: =COUNTA(F9:T9) -> 1
F9: UTCID01
A10: Condition | B10: Precondition
B11: One active question "What is REST?" | F11: O
B12: Input
B13: Hash with JD A, with JD B, and with the question text changed | F13: O
A14: Confirm | B14: Return
B15: 64-character hash; different when the JD or the question text changes | F15: O
A16: Result | B16: Type(N : Normal, A : Abnormal, B : Boundary) | F16: N
B17: Passed/Failed | F17: P
B18: Executed Date | F18: 15/09/2026
B19: Defect ID

Sheet BE-PracticeFeedbackMapper
A2: Function Code | C2: =Functions!E45 -> BE-HR-03 | F2: Function Name | L2: =Functions!D45 -> Map
A3: Created By | C3: Nguyễn Trung Hiền | F3: Executed By | L3: Hoàng Đăng Khoa
A4: Lines of code | C4: 89 | F4: Lack of test cases | L4: =IF(Functions!E6<>"N/A",SUM(C4*Functions!E6/1000,-O7),"N/A") -> 6.9
A5: Test requirement | C5: Build the practice feedback view: full access for HR, a teaser for Free candidates with unscored questions locked.
A6: Passed | C6: Failed | F6: Untested | L6: N/A/B | O6: Total Test Cases
A7: =COUNTIF(F19:T19,"P") -> 2 | C7: =COUNTIF(F19:T19,"F") -> 0 | F7: =SUM(O7,-A7,-C7) -> 0 | L7: =COUNTIF(F18:T18,"N") -> 2 | M7: =COUNTIF(F18:T18,"A") -> 0 | N7: =COUNTIF(F18:T18,"B") -> 0 | O7: =COUNTA(F9:T9) -> 2
F9: UTCID01 | G9: UTCID02
A10: Condition | B10: Precondition
B11: Completed session with 2 questions and 2 answers; question 1 has AI score 81 | F11: O | G11: O
B12: Input
B13: lockTeaser = false (HR view) | F13: O
B14: lockTeaser = true (Free candidate) | G14: O
A15: Confirm | B15: Return
B16: Access Full; no item locked; score 81 and answer text shown | F16: O
B17: Access FreeTeaser; scored item shown as teaser with 81; other item locked without score; no AI insight | G17: O
A18: Result | B18: Type(N : Normal, A : Abnormal, B : Boundary) | F18: N | G18: N
B19: Passed/Failed | F19: P | G19: P
B20: Executed Date | F20: 15/09/2026 | G20: 15/09/2026
B21: Defect ID

Sheet BE-SkillFitCalculator
A2: Function Code | C2: =Functions!E46 -> BE-HR-04 | F2: Function Name | L2: =Functions!D46 -> Compute
A3: Created By | C3: Nguyễn Trung Hiền | F3: Executed By | L3: Hoàng Đăng Khoa
A4: Lines of code | C4: 13 | F4: Lack of test cases | L4: =IF(Functions!E6<>"N/A",SUM(C4*Functions!E6/1000,-O7),"N/A") -> -0.7
A5: Test requirement | C5: Calculate the JD/CV skill fit (Jaccard) with matched, missing and extra skills.
A6: Passed | C6: Failed | F6: Untested | L6: N/A/B | O6: Total Test Cases
A7: =COUNTIF(F19:T19,"P") -> 2 | C7: =COUNTIF(F19:T19,"F") -> 0 | F7: =SUM(O7,-A7,-C7) -> 0 | L7: =COUNTIF(F18:T18,"N") -> 2 | M7: =COUNTIF(F18:T18,"A") -> 0 | N7: =COUNTIF(F18:T18,"B") -> 0 | O7: =COUNTA(F9:T9) -> 2
F9: UTCID01 | G9: UTCID02
A10: Condition | B10: Precondition
B11: Static calculator, case-insensitive skills | F11: O | G11: O
B12: Input
B13: JD [C#, SQL]; CV [c#, sql] | F13: O
B14: JD [react, node]; CV [react, python] | G14: O
A15: Confirm | B15: Return
B16: Fit 100%; 2 matched; nothing missing or extra | F16: O
B17: Fit 33.3%; 1 matched; node missing; python extra | G17: O
A18: Result | B18: Type(N : Normal, A : Abnormal, B : Boundary) | F18: N | G18: N
B19: Passed/Failed | F19: P | G19: P
B20: Executed Date | F20: 15/09/2026 | G20: 15/09/2026
B21: Defect ID

Sheet BE-RecommendationP1Rules
A2: Function Code | C2: =Functions!E47 -> BE-HR-05 | F2: Function Name | L2: =Functions!D47 -> EnsureCanRestore / EnsureSameQuestionSet / NormalizeCompareIds / NextViewedAt / EnsureInviteSchedule
A3: Created By | C3: Nguyễn Trung Hiền | F3: Executed By | L3: Hoàng Đăng Khoa
A4: Lines of code | C4: 43 | F4: Lack of test cases | L4: =IF(Functions!E6<>"N/A",SUM(C4*Functions!E6/1000,-O7),"N/A") -> -1.7
A5: Test requirement | C5: Business rules for candidate recommendations: restore, compare, mark viewed and invite scheduling.
A6: Passed | C6: Failed | F6: Untested | L6: N/A/B | O6: Total Test Cases
A7: =COUNTIF(F26:T26,"P") -> 6 | C7: =COUNTIF(F26:T26,"F") -> 0 | F7: =SUM(O7,-A7,-C7) -> 0 | L7: =COUNTIF(F25:T25,"N") -> 2 | M7: =COUNTIF(F25:T25,"A") -> 3 | N7: =COUNTIF(F25:T25,"B") -> 1 | O7: =COUNTA(F9:T9) -> 6
F9: UTCID01 | G9: UTCID02 | H9: UTCID03 | I9: UTCID04 | J9: UTCID05 | K9: UTCID06
A10: Condition | B10: Precondition
B11: Static rules, no dependencies | F11: O | G11: O | H11: O | I11: O | J11: O | K11: O
B12: Input
B13: EnsureCanRestore(Invited) | F13: O
B14: EnsureCanRestore(Dismissed) | G14: O
B15: EnsureSameQuestionSet with 2 different set ids | H15: O
B16: NormalizeCompareIds with 1 id / with 4 ids | I16: O
B17: NextViewedAt(existing 01/01/2026 / null, now) | J17: O
B18: EnsureInviteSchedule ONLINE without a meeting link | K18: O
A19: Confirm | B19: Return
B20: No exception | G20: O
B21: Existing timestamp kept; a timestamp is set when none exists | J21: O
B22: Exception
B23: ConflictException | F23: O
B24: BadRequestException | H24: O | I24: O | K24: O
A25: Result | B25: Type(N : Normal, A : Abnormal, B : Boundary) | F25: A | G25: N | H25: A | I25: B | J25: N | K25: A
B26: Passed/Failed | F26: P | G26: P | H26: P | I26: P | J26: P | K26: P
B27: Executed Date | F27: 15/09/2026 | G27: 15/09/2026 | H27: 15/09/2026 | I27: 15/09/2026 | J27: 15/09/2026 | K27: 15/09/2026
B28: Defect ID

Sheet BE-RecommendationIntakeScore
A2: Function Code | C2: =Functions!E48 -> BE-HR-06 | F2: Function Name | L2: =Functions!D48 -> ResolveIntakeMinScore
A3: Created By | C3: Nguyễn Trung Hiền | F3: Executed By | L3: Hoàng Đăng Khoa
A4: Lines of code | C4: 6 | F4: Lack of test cases | L4: =IF(Functions!E6<>"N/A",SUM(C4*Functions!E6/1000,-O7),"N/A") -> -5.4
A5: Test requirement | C5: Resolve the minimum practice score for candidate recommendation intake, falling back to 70 outside the allowed range.
A6: Passed | C6: Failed | F6: Untested | L6: N/A/B | O6: Total Test Cases
A7: =COUNTIF(F25:T25,"P") -> 6 | C7: =COUNTIF(F25:T25,"F") -> 0 | F7: =SUM(O7,-A7,-C7) -> 0 | L7: =COUNTIF(F24:T24,"N") -> 2 | M7: =COUNTIF(F24:T24,"A") -> 2 | N7: =COUNTIF(F24:T24,"B") -> 2 | O7: =COUNTA(F9:T9) -> 6
F9: UTCID01 | G9: UTCID02 | H9: UTCID03 | I9: UTCID04 | J9: UTCID05 | K9: UTCID06
A10: Condition | B10: Precondition
B11: Static method, default minimum 70 | F11: O | G11: O | H11: O | I11: O | J11: O | K11: O
B12: Input
B13: Minimum score input 70 | F13: O
B14: Minimum score input 80 | G14: O
B15: Minimum score input 50 | H15: O
B16: Minimum score input 95 | I16: O
B17: Minimum score input 40 | J17: O
B18: Minimum score input 100 | K18: O
A19: Confirm | B19: Return
B20: Resolved minimum 70 | F20: O | J20: O | K20: O
B21: Resolved minimum 80 | G21: O
B22: Resolved minimum 50 | H22: O
B23: Resolved minimum 95 | I23: O
A24: Result | B24: Type(N : Normal, A : Abnormal, B : Boundary) | F24: N | G24: N | H24: B | I24: B | J24: A | K24: A
B25: Passed/Failed | F25: P | G25: P | H25: P | I25: P | J25: P | K25: P
B26: Executed Date | F26: 15/09/2026 | G26: 15/09/2026 | H26: 15/09/2026 | I26: 15/09/2026 | J26: 15/09/2026 | K26: 15/09/2026
B27: Defect ID

Sheet BE-KnowledgeDocumentType
A2: Function Code | C2: =Functions!E49 -> BE-KB-01 | F2: Function Name | L2: =Functions!D49 -> NormalizeForStorage / FromSection
A3: Created By | C3: Nguyễn Trung Hiền | F3: Executed By | L3: Hoàng Đăng Khoa
A4: Lines of code | C4: 35 | F4: Lack of test cases | L4: =IF(Functions!E6<>"N/A",SUM(C4*Functions!E6/1000,-O7),"N/A") -> -8.5
A5: Test requirement | C5: Validate and normalize the knowledge document type on upload (required for HR, defaulted for Admin) and map a section name to a type.
A6: Passed | C6: Failed | F6: Untested | L6: N/A/B | O6: Total Test Cases
A7: =COUNTIF(F36:T36,"P") -> 12 | C7: =COUNTIF(F36:T36,"F") -> 0 | F7: =SUM(O7,-A7,-C7) -> 0 | L7: =COUNTIF(F35:T35,"N") -> 6 | M7: =COUNTIF(F35:T35,"A") -> 3 | N7: =COUNTIF(F35:T35,"B") -> 3 | O7: =COUNTA(F9:T9) -> 12
F9: UTCID01 | G9: UTCID02 | H9: UTCID03 | I9: UTCID04 | J9: UTCID05 | K9: UTCID06 | L9: UTCID07 | M9: UTCID08 | N9: UTCID09 | O9: UTCID10 | P9: UTCID11 | Q9: UTCID12
A10: Condition | B10: Precondition
B11: Static constants class | F11: O | G11: O | H11: O | I11: O | J11: O | K11: O | L11: O | M11: O | N11: O | O11: O | P11: O | Q11: O
B12: Input
B13: HR upload with type "Policy" | F13: O
B14: HR upload with type "policy" | G14: O
B15: HR upload with type "InternalStack" | H15: O
B16: HR upload with type "Rubric" | I16: O
B17: HR upload with type "RolePack" | J17: O
B18: HR upload with type null | K18: O
B19: HR upload with type "Unclassified" | L19: O
B20: Admin upload with type null | M20: O
B21: Section null | N21: O
B22: Section "" | O22: O
B23: Section "Policy" | P23: O
B24: Section "unknown-x" | Q24: O
A25: Confirm | B25: Return
B26: Stored as Policy | F26: O | G26: O
B27: Stored as InternalStack | H27: O
B28: Stored as Rubric | I28: O
B29: Stored as RolePack | J29: O
B30: Stored as Unclassified | M30: O
B31: Type Unclassified | N31: O | O31: O | Q31: O
B32: Type Policy | P32: O
B33: Exception
B34: BadRequestException | K34: O | L34: O
A35: Result | B35: Type(N : Normal, A : Abnormal, B : Boundary) | F35: N | G35: B | H35: N | I35: N | J35: N | K35: A | L35: A | M35: N | N35: B | O35: B | P35: N | Q35: A
B36: Passed/Failed | F36: P | G36: P | H36: P | I36: P | J36: P | K36: P | L36: P | M36: P | N36: P | O36: P | P36: P | Q36: P
B37: Executed Date | F37: 15/09/2026 | G37: 15/09/2026 | H37: 15/09/2026 | I37: 15/09/2026 | J37: 15/09/2026 | K37: 15/09/2026 | L37: 15/09/2026 | M37: 15/09/2026 | N37: 15/09/2026 | O37: 15/09/2026 | P37: 15/09/2026 | Q37: 15/09/2026
B38: Defect ID

Sheet BE-ProfileDtoValidator
A2: Function Code | C2: =Functions!E50 -> BE-PRF-01 | F2: Function Name | L2: =Functions!D50 -> Validate (TimeZoneId rule)
A3: Created By | C3: Nguyễn Trung Hiền | F3: Executed By | L3: Hoàng Đăng Khoa
A4: Lines of code | C4: 27 | F4: Lack of test cases | L4: =IF(Functions!E6<>"N/A",SUM(C4*Functions!E6/1000,-O7),"N/A") -> -5.3
A5: Test requirement | C5: Validate the candidate profile update: TimeZoneId is optional but must be a real IANA time zone when given.
A6: Passed | C6: Failed | F6: Untested | L6: N/A/B | O6: Total Test Cases
A7: =COUNTIF(F25:T25,"P") -> 8 | C7: =COUNTIF(F25:T25,"F") -> 0 | F7: =SUM(O7,-A7,-C7) -> 0 | L7: =COUNTIF(F24:T24,"N") -> 3 | M7: =COUNTIF(F24:T24,"A") -> 3 | N7: =COUNTIF(F24:T24,"B") -> 2 | O7: =COUNTA(F9:T9) -> 8
F9: UTCID01 | G9: UTCID02 | H9: UTCID03 | I9: UTCID04 | J9: UTCID05 | K9: UTCID06 | L9: UTCID07 | M9: UTCID08
A10: Condition | B10: Precondition
B11: DTO with FullName "Nguyễn Văn A" | F11: O | G11: O | H11: O | I11: O | J11: O | K11: O | L11: O | M11: O
B12: Input
B13: TimeZoneId null | F13: O
B14: TimeZoneId "" | G14: O
B15: TimeZoneId "Asia/Ho_Chi_Minh" | H15: O
B16: TimeZoneId "UTC" | I16: O
B17: TimeZoneId "America/New_York" | J17: O
B18: TimeZoneId "Not/A_Real_Zone" | K18: O
B19: TimeZoneId "Asia/Not_A_City" | L19: O
B20: TimeZoneId "random-garbage" | M20: O
A21: Confirm | B21: Return
B22: Valid | F22: O | G22: O | H22: O | I22: O | J22: O
B23: Invalid; error on TimeZoneId | K23: O | L23: O | M23: O
A24: Result | B24: Type(N : Normal, A : Abnormal, B : Boundary) | F24: B | G24: B | H24: N | I24: N | J24: N | K24: A | L24: A | M24: A
B25: Passed/Failed | F25: P | G25: P | H25: P | I25: P | J25: P | K25: P | L25: P | M25: P
B26: Executed Date | F26: 15/09/2026 | G26: 15/09/2026 | H26: 15/09/2026 | I26: 15/09/2026 | J26: 15/09/2026 | K26: 15/09/2026 | L26: 15/09/2026 | M26: 15/09/2026
B27: Defect ID

Sheet BE-JobDescriptionValidator
A2: Function Code | C2: =Functions!E51 -> BE-STU-01 | F2: Function Name | L2: =Functions!D51 -> Validate / ValidateItDomain / ScoreItDomain
A3: Created By | C3: Nguyễn Minh Nam | F3: Executed By | L3: Hoàng Đăng Khoa
A4: Lines of code | C4: 93 | F4: Lack of test cases | L4: =IF(Functions!E6<>"N/A",SUM(C4*Functions!E6/1000,-O7),"N/A") -> 6.3
A5: Test requirement | C5: Validate the structure of a job description and reject JDs that are not for an IT position.
A6: Passed | C6: Failed | F6: Untested | L6: N/A/B | O6: Total Test Cases
A7: =COUNTIF(F22:T22,"P") -> 3 | C7: =COUNTIF(F22:T22,"F") -> 0 | F7: =SUM(O7,-A7,-C7) -> 0 | L7: =COUNTIF(F21:T21,"N") -> 1 | M7: =COUNTIF(F21:T21,"A") -> 2 | N7: =COUNTIF(F21:T21,"B") -> 0 | O7: =COUNTA(F9:T9) -> 3
F9: UTCID01 | G9: UTCID02 | H9: UTCID03
A10: Condition | B10: Precondition
B11: JD texts padded to at least 100 words | F11: O | G11: O | H11: O
B12: Input
B13: Full Stack Developer JD (ASP.NET Core, React, PostgreSQL) | F13: O
B14: Digital Marketing Executive JD | G14: O
B15: Office administration text with no technology | H15: O
A16: Confirm | B16: Return
B17: Prepared text returned; IT score > 0 and >= non-IT score | F17: O
B18: Validation error returned | H18: O
B19: Exception
B20: StructuredHttpException 422 with an IT-domain error | G20: O
A21: Result | B21: Type(N : Normal, A : Abnormal, B : Boundary) | F21: N | G21: A | H21: A
B22: Passed/Failed | F22: P | G22: P | H22: P
B23: Executed Date | F23: 15/09/2026 | G23: 15/09/2026 | H23: 15/09/2026
B24: Defect ID

Sheet BE-PlanMergeService
A2: Function Code | C2: =Functions!E52 -> BE-STU-02 | F2: Function Name | L2: =Functions!D52 -> Merge
A3: Created By | C3: Nguyễn Minh Nam | F3: Executed By | L3: Hoàng Đăng Khoa
A4: Lines of code | C4: 27 | F4: Lack of test cases | L4: =IF(Functions!E6<>"N/A",SUM(C4*Functions!E6/1000,-O7),"N/A") -> 0.7
A5: Test requirement | C5: Merge a refine patch from the RAG service into the baseline interview plan, keeping fields the patch does not touch.
A6: Passed | C6: Failed | F6: Untested | L6: N/A/B | O6: Total Test Cases
A7: =COUNTIF(F19:T19,"P") -> 2 | C7: =COUNTIF(F19:T19,"F") -> 0 | F7: =SUM(O7,-A7,-C7) -> 0 | L7: =COUNTIF(F18:T18,"N") -> 2 | M7: =COUNTIF(F18:T18,"A") -> 0 | N7: =COUNTIF(F18:T18,"B") -> 0 | O7: =COUNTA(F9:T9) -> 2
F9: UTCID01 | G9: UTCID02
A10: Condition | B10: Precondition
B11: Baseline Backend Developer plan: 10 questions, coverage C# / SQL / REST, summary about .NET and SQL | F11: O | G11: O
B12: Input
B13: Patch replaceCoverage + replaceSkills = Git only | F13: O
B14: Patch with updateSummary only | G14: O
A15: Confirm | B15: Return
B16: 10 questions; coverage only Git (no SQL); .NET summary kept; difficulty Medium | F16: O
B17: New summary saved; C# coverage kept | G17: O
A18: Result | B18: Type(N : Normal, A : Abnormal, B : Boundary) | F18: N | G18: N
B19: Passed/Failed | F19: P | G19: P
B20: Executed Date | F20: 15/09/2026 | G20: 15/09/2026
B21: Defect ID

Sheet BE-FocusAreaWeightHelper
A2: Function Code | C2: =Functions!E53 -> BE-STU-03 | F2: Function Name | L2: =Functions!D53 -> NormalizeToPercent / IsValidSum
A3: Created By | C3: Nguyễn Minh Nam | F3: Executed By | L3: Hoàng Đăng Khoa
A4: Lines of code | C4: 19 | F4: Lack of test cases | L4: =IF(Functions!E6<>"N/A",SUM(C4*Functions!E6/1000,-O7),"N/A") -> -4.1
A5: Test requirement | C5: Convert focus-area weights (legacy 0-1 fractions or percents) to percent and check they sum to 100.
A6: Passed | C6: Failed | F6: Untested | L6: N/A/B | O6: Total Test Cases
A7: =COUNTIF(F26:T26,"P") -> 6 | C7: =COUNTIF(F26:T26,"F") -> 0 | F7: =SUM(O7,-A7,-C7) -> 0 | L7: =COUNTIF(F25:T25,"N") -> 4 | M7: =COUNTIF(F25:T25,"A") -> 0 | N7: =COUNTIF(F25:T25,"B") -> 2 | O7: =COUNTA(F9:T9) -> 6
F9: UTCID01 | G9: UTCID02 | H9: UTCID03 | I9: UTCID04 | J9: UTCID05 | K9: UTCID06
A10: Condition | B10: Precondition
B11: Static helper | F11: O | G11: O | H11: O | I11: O | J11: O | K11: O
B12: Input
B13: Weight 0.4 | F13: O
B14: Weight 0.5 | G14: O
B15: Weight 40 | H15: O
B16: Weight 100 | I16: O
B17: Weight 0 | J17: O
B18: Weights [40, 35, 25] | K18: O
A19: Confirm | B19: Return
B20: 40% | F20: O | H20: O
B21: 50% | G21: O
B22: 100% | I22: O
B23: 0% | J23: O
B24: Valid sum | K24: O
A25: Result | B25: Type(N : Normal, A : Abnormal, B : Boundary) | F25: N | G25: N | H25: N | I25: B | J25: B | K25: N
B26: Passed/Failed | F26: P | G26: P | H26: P | I26: P | J26: P | K26: P
B27: Executed Date | F27: 15/09/2026 | G27: 15/09/2026 | H27: 15/09/2026 | I27: 15/09/2026 | J27: 15/09/2026 | K27: 15/09/2026
B28: Defect ID

Sheet BE-FocusWeightOutline
A2: Function Code | C2: =Functions!E54 -> BE-STU-04 | F2: Function Name | L2: =Functions!D54 -> LargestRemainder / ApplyFocusWeightsToOutline
A3: Created By | C3: Nguyễn Trung Hiền | F3: Executed By | L3: Hoàng Đăng Khoa
A4: Lines of code | C4: 91 | F4: Lack of test cases | L4: =IF(Functions!E6<>"N/A",SUM(C4*Functions!E6/1000,-O7),"N/A") -> 5.1
A5: Test requirement | C5: Turn focus-area percentages into question slots of the plan outline (largest remainder method).
A6: Passed | C6: Failed | F6: Untested | L6: N/A/B | O6: Total Test Cases
A7: =COUNTIF(F23:T23,"P") -> 4 | C7: =COUNTIF(F23:T23,"F") -> 0 | F7: =SUM(O7,-A7,-C7) -> 0 | L7: =COUNTIF(F22:T22,"N") -> 3 | M7: =COUNTIF(F22:T22,"A") -> 0 | N7: =COUNTIF(F22:T22,"B") -> 1 | O7: =COUNTA(F9:T9) -> 4
F9: UTCID01 | G9: UTCID02 | H9: UTCID03 | I9: UTCID04
A10: Condition | B10: Precondition
B11: Static helpers; outline JSON built in the test | F11: O | G11: O | H11: O | I11: O
B12: Input
B13: Weights [50, 17, 17, 16], 15 slots | F13: O
B14: 12 equal weights, 10 slots | G14: O
B15: Plan settings: focus C# 50%, SQL 17%, React 17%, Git 16%; 15 questions | H15: O
B16: 5 skills at 20% each; 10-item outline | I16: O
A17: Confirm | B17: Return
B18: 15 slots in total; first skill gets 7-8 | F18: O
B19: 10 slots over 12 skills; some skills get 0 | G19: O
B20: Outline has 15 items, 7-8 of them for C# | H20: O
B21: 10 items, 2 per skill | I21: O
A22: Result | B22: Type(N : Normal, A : Abnormal, B : Boundary) | F22: N | G22: B | H22: N | I22: N
B23: Passed/Failed | F23: P | G23: P | H23: P | I23: P
B24: Executed Date | F24: 15/09/2026 | G24: 15/09/2026 | H24: 15/09/2026 | I24: 15/09/2026
B25: Defect ID

Sheet BE-HrSkillsHelper
A2: Function Code | C2: =Functions!E55 -> BE-STU-05 | F2: Function Name | L2: =Functions!D55 -> Normalize
A3: Created By | C3: Nguyễn Minh Nam | F3: Executed By | L3: Hoàng Đăng Khoa
A4: Lines of code | C4: 16 | F4: Lack of test cases | L4: =IF(Functions!E6<>"N/A",SUM(C4*Functions!E6/1000,-O7),"N/A") -> -1.4
A5: Test requirement | C5: Clean the skills the HR confirms for a JD: trim, remove duplicates and blanks, cap length and count.
A6: Passed | C6: Failed | F6: Untested | L6: N/A/B | O6: Total Test Cases
A7: =COUNTIF(F21:T21,"P") -> 3 | C7: =COUNTIF(F21:T21,"F") -> 0 | F7: =SUM(O7,-A7,-C7) -> 0 | L7: =COUNTIF(F20:T20,"N") -> 1 | M7: =COUNTIF(F20:T20,"A") -> 0 | N7: =COUNTIF(F20:T20,"B") -> 2 | O7: =COUNTA(F9:T9) -> 3
F9: UTCID01 | G9: UTCID02 | H9: UTCID03
A10: Condition | B10: Precondition
B11: Static helper; MaxSkills = 20 | F11: O | G11: O | H11: O
B12: Input
B13: [" ASP.NET Core ", "asp.net core", PostgreSQL, "", " ", 100-character skill] | F13: O
B14: null / empty list | G14: O
B15: 30 skills | H15: O
A16: Confirm | B16: Return
B17: 3 skills: ASP.NET Core, PostgreSQL, and one cut to MaxSkillLength | F17: O
B18: Empty array | G18: O
B19: 20 skills returned (MaxSkills) | H19: O
A20: Result | B20: Type(N : Normal, A : Abnormal, B : Boundary) | F20: N | G20: B | H20: B
B21: Passed/Failed | F21: P | G21: P | H21: P
B22: Executed Date | F22: 15/09/2026 | G22: 15/09/2026 | H22: 15/09/2026
B23: Defect ID

Sheet BE-JdClassifyGate
A2: Function Code | C2: =Functions!E56 -> BE-STU-06 | F2: Function Name | L2: =Functions!D56 -> TryReject / FromRagFailure / NormalizeDocumentType
A3: Created By | C3: Nguyễn Minh Nam | F3: Executed By | L3: Hoàng Đăng Khoa
A4: Lines of code | C4: 62 | F4: Lack of test cases | L4: =IF(Functions!E6<>"N/A",SUM(C4*Functions!E6/1000,-O7),"N/A") -> -6.8
A5: Test requirement | C5: Reject a JD before saving when the RAG classifier says it is not a job posting or not an IT role, and map RAG failures to HTTP errors.
A6: Passed | C6: Failed | F6: Untested | L6: N/A/B | O6: Total Test Cases
A7: =COUNTIF(F37:T37,"P") -> 13 | C7: =COUNTIF(F37:T37,"F") -> 0 | F7: =SUM(O7,-A7,-C7) -> 0 | L7: =COUNTIF(F36:T36,"N") -> 4 | M7: =COUNTIF(F36:T36,"A") -> 8 | N7: =COUNTIF(F36:T36,"B") -> 1 | O7: =COUNTA(F9:T9) -> 13
F9: UTCID01 | G9: UTCID02 | H9: UTCID03 | I9: UTCID04 | J9: UTCID05 | K9: UTCID06 | L9: UTCID07 | M9: UTCID08 | N9: UTCID09 | O9: UTCID10 | P9: UTCID11 | Q9: UTCID12 | R9: UTCID13
A10: Condition | B10: Precondition
B11: Static gate; classification result given as parameters | F11: O | G11: O | H11: O | I11: O | J11: O | K11: O | L11: O | M11: O | N11: O | O11: O | P11: O | Q11: O | R11: O
B12: Input
B13: documentType job_description, IT role | F13: O
B14: documentType "resume", IT role, reason "Đây là tutorial." | G14: O
B15: documentType "article", IT role, reason "Đây là tutorial." | H15: O
B16: documentType "documentation", IT role, reason "Đây là tutorial." | I16: O
B17: documentType "other", IT role, reason "Đây là tutorial." | J17: O
B18: documentType "tutorial", IT role, reason "Đây là tutorial." | K18: O
B19: job_description, not an IT role (Digital Marketing) | L19: O
B20: documentType null | M20: O
B21: RAG failure at the classify stage: 422, documentType article | N21: O
B22: RAG failure JD_ANALYZE: 502 LLM timeout | O22: O
B23: Document type alias "JD" | P23: O
B24: Document type alias "job-posting" | Q24: O
B25: Document type alias "CV" | R25: O
A26: Confirm | B26: Return
B27: No error | F27: O
B28: 422 ErrorNotJobPosting with the reason in the message | G28: O | H28: O | I28: O | J28: O | K28: O
B29: 422 ErrorNotItRole with the reason in the message | L29: O
B30: ErrorNotJobPosting with the default message | M30: O
B31: "job_description" | P31: O | Q31: O
B32: "resume" | R32: O
B33: Exception
B34: Error 422 ErrorNotJobPosting | N34: O
B35: Error 502 ErrorClassifyFailed | O35: O
A36: Result | B36: Type(N : Normal, A : Abnormal, B : Boundary) | F36: N | G36: A | H36: A | I36: A | J36: A | K36: A | L36: A | M36: B | N36: A | O36: A | P36: N | Q36: N | R36: N
B37: Passed/Failed | F37: P | G37: P | H37: P | I37: P | J37: P | K37: P | L37: P | M37: P | N37: P | O37: P | P37: P | Q37: P | R37: P
B38: Executed Date | F38: 15/09/2026 | G38: 15/09/2026 | H38: 15/09/2026 | I38: 15/09/2026 | J38: 15/09/2026 | K38: 15/09/2026 | L38: 15/09/2026 | M38: 15/09/2026 | N38: 15/09/2026 | O38: 15/09/2026 | P38: 15/09/2026 | Q38: 15/09/2026 | R38: 15/09/2026
B39: Defect ID

Sheet BE-JdSeniority
A2: Function Code | C2: =Functions!E57 -> BE-STU-07 | F2: Function Name | L2: =Functions!D57 -> NormalizeDisplay / ToRagExperienceLevel
A3: Created By | C3: Nguyễn Minh Nam | F3: Executed By | L3: Hoàng Đăng Khoa
A4: Lines of code | C4: 26 | F4: Lack of test cases | L4: =IF(Functions!E6<>"N/A",SUM(C4*Functions!E6/1000,-O7),"N/A") -> -7.4
A5: Test requirement | C5: Normalize the seniority the HR confirms for a JD and convert it to the RAG experience level.
A6: Passed | C6: Failed | F6: Untested | L6: N/A/B | O6: Total Test Cases
A7: =COUNTIF(F32:T32,"P") -> 10 | C7: =COUNTIF(F32:T32,"F") -> 0 | F7: =SUM(O7,-A7,-C7) -> 0 | L7: =COUNTIF(F31:T31,"N") -> 6 | M7: =COUNTIF(F31:T31,"A") -> 2 | N7: =COUNTIF(F31:T31,"B") -> 2 | O7: =COUNTA(F9:T9) -> 10
F9: UTCID01 | G9: UTCID02 | H9: UTCID03 | I9: UTCID04 | J9: UTCID05 | K9: UTCID06 | L9: UTCID07 | M9: UTCID08 | N9: UTCID09 | O9: UTCID10
A10: Condition | B10: Precondition
B11: Static helper | F11: O | G11: O | H11: O | I11: O | J11: O | K11: O | L11: O | M11: O | N11: O | O11: O
B12: Input
B13: Seniority "junior" | F13: O
B14: Seniority "Senior" | G14: O
B15: Seniority "mid-level" | H15: O
B16: Seniority "intern" | I16: O
B17: Seniority "Lead" | J17: O
B18: Seniority null | K18: O
B19: Seniority "" | L19: O
B20: Seniority "expert" | M20: O
B21: Seniority "Không xác định" | N21: O
B22: ToRagExperienceLevel("Junior" / "mid-level" / null) | O22: O
A23: Confirm | B23: Return
B24: "Junior" | F24: O
B25: "Senior" | G25: O
B26: "Mid" | H26: O
B27: "Intern" | I27: O
B28: "Lead" | J28: O
B29: null (rejected) | K29: O | L29: O | M29: O | N29: O
B30: "junior" / "mid" / null | O30: O
A31: Result | B31: Type(N : Normal, A : Abnormal, B : Boundary) | F31: N | G31: N | H31: N | I31: N | J31: N | K31: B | L31: B | M31: A | N31: A | O31: N
B32: Passed/Failed | F32: P | G32: P | H32: P | I32: P | J32: P | K32: P | L32: P | M32: P | N32: P | O32: P
B33: Executed Date | F33: 15/09/2026 | G33: 15/09/2026 | H33: 15/09/2026 | I33: 15/09/2026 | J33: 15/09/2026 | K33: 15/09/2026 | L33: 15/09/2026 | M33: 15/09/2026 | N33: 15/09/2026 | O33: 15/09/2026
B34: Defect ID

Sheet BE-RagPlanHrNoteBuilder
A2: Function Code | C2: =Functions!E58 -> BE-STU-08 | F2: Function Name | L2: =Functions!D58 -> BuildInitial
A3: Created By | C3: Nguyễn Minh Nam | F3: Executed By | L3: Hoàng Đăng Khoa
A4: Lines of code | C4: 28 | F4: Lack of test cases | L4: =IF(Functions!E6<>"N/A",SUM(C4*Functions!E6/1000,-O7),"N/A") -> 1.8
A5: Test requirement | C5: Build the HR note sent with the first plan request, including the position, role and seniority confirmed by the HR.
A6: Passed | C6: Failed | F6: Untested | L6: N/A/B | O6: Total Test Cases
A7: =COUNTIF(F17:T17,"P") -> 1 | C7: =COUNTIF(F17:T17,"F") -> 0 | F7: =SUM(O7,-A7,-C7) -> 0 | L7: =COUNTIF(F16:T16,"N") -> 1 | M7: =COUNTIF(F16:T16,"A") -> 0 | N7: =COUNTIF(F16:T16,"B") -> 0 | O7: =COUNTA(F9:T9) -> 1
F9: UTCID01
A10: Condition | B10: Precondition
B11: Static builder | F11: O
B12: Input
B13: Position and role Backend Developer, seniority Junior, 15 questions, 60 minutes | F13: O
A14: Confirm | B14: Return
B15: Note contains the position, role, required level Junior, experience_level = junior and STUDIO_UI_PLAN=1 | F15: O
A16: Result | B16: Type(N : Normal, A : Abnormal, B : Boundary) | F16: N
B17: Passed/Failed | F17: P
B18: Executed Date | F18: 15/09/2026
B19: Defect ID

Sheet BE-PlanFocusJdCompleter
A2: Function Code | C2: =Functions!E59 -> BE-STU-09 | F2: Function Name | L2: =Functions!D59 -> MatchJdSkill / EnsureAllJdSkills
A3: Created By | C3: Nguyễn Trung Hiền | F3: Executed By | L3: Hoàng Đăng Khoa
A4: Lines of code | C4: 45 | F4: Lack of test cases | L4: =IF(Functions!E6<>"N/A",SUM(C4*Functions!E6/1000,-O7),"N/A") -> 1.5
A5: Test requirement | C5: Make sure the plan's focus areas contain every JD skill, matching RAG focus names to the JD catalog and rebalancing weights and coverage.
A6: Passed | C6: Failed | F6: Untested | L6: N/A/B | O6: Total Test Cases
A7: =COUNTIF(F21:T21,"P") -> 3 | C7: =COUNTIF(F21:T21,"F") -> 0 | F7: =SUM(O7,-A7,-C7) -> 0 | L7: =COUNTIF(F20:T20,"N") -> 2 | M7: =COUNTIF(F20:T20,"A") -> 0 | N7: =COUNTIF(F20:T20,"B") -> 1 | O7: =COUNTA(F9:T9) -> 3
F9: UTCID01 | G9: UTCID02 | H9: UTCID03
A10: Condition | B10: Precondition
B11: Static helper; mapped plan built in the test | F11: O | G11: O | H11: O
B12: Input
B13: Catalog [C#, ASP.NET Core, PostgreSQL, React]; names "C#", "C# — OOP", "ASP.NET Core – Middleware", "Query tuning with PostgreSQL", "Kubernetes" | F13: O
B14: 12 JD skills; RAG focus covers 5 of them plus an unrelated topic; 15 questions | G14: O
B15: Empty JD skill catalog | H15: O
A16: Confirm | B16: Return
B17: C#, C#, ASP.NET Core, PostgreSQL, null | F17: O
B18: 12 focus areas in JD order, weights total 100, sources kept, missing skills use job-description, coverage 12 items with 15 questions | G18: O
B19: Focus areas unchanged (1 item "Only") | H19: O
A20: Result | B20: Type(N : Normal, A : Abnormal, B : Boundary) | F20: N | G20: N | H20: B
B21: Passed/Failed | F21: P | G21: P | H21: P
B22: Executed Date | F22: 15/09/2026 | G22: 15/09/2026 | H22: 15/09/2026
B23: Defect ID

Sheet BE-PlanSettingsPatcher
A2: Function Code | C2: =Functions!E60 -> BE-STU-10 | F2: Function Name | L2: =Functions!D60 -> Apply / AssignOutlineAnswerMethods
A3: Created By | C3: Nguyễn Minh Nam | F3: Executed By | L3: Hoàng Đăng Khoa
A4: Lines of code | C4: 91 | F4: Lack of test cases | L4: =IF(Functions!E6<>"N/A",SUM(C4*Functions!E6/1000,-O7),"N/A") -> 0.1
A5: Test requirement | C5: Apply the HR's Studio settings (question count, distribution, focus, content mode, outline) to the interview plan JSON.
A6: Passed | C6: Failed | F6: Untested | L6: N/A/B | O6: Total Test Cases
A7: =COUNTIF(F33:T33,"P") -> 9 | C7: =COUNTIF(F33:T33,"F") -> 0 | F7: =SUM(O7,-A7,-C7) -> 0 | L7: =COUNTIF(F32:T32,"N") -> 7 | M7: =COUNTIF(F32:T32,"A") -> 0 | N7: =COUNTIF(F32:T32,"B") -> 2 | O7: =COUNTA(F9:T9) -> 9
F9: UTCID01 | G9: UTCID02 | H9: UTCID03 | I9: UTCID04 | J9: UTCID05 | K9: UTCID06 | L9: UTCID07 | M9: UTCID08 | N9: UTCID09
A10: Condition | B10: Precondition
B11: Source plan "Backend interview" (Mid) with an empty outline unless stated | F11: O | G11: O | H11: O | I11: O | J11: O | K11: O | L11: O | M11: O | N11: O
B12: Input
B13: HR outline of 2 items; item 1 has a job-description citation | F13: O
B14: Outline JSON with snake_case citation fields | G14: O
B15: Content mode Mixed; 10 questions (7 technical, 3 behavioral) | H15: O
B16: Content mode TheoryOnly; 8 technical questions | I16: O
B17: Content mode CodeOnly; 8 questions (technical + coding) | J17: O
B18: Mixed mode; outline types technical, coding, behavioral, problemsolving | K18: O
B19: CodeOnly mode with 5 HR outline items (1 Code, 4 Text) | L19: O
B20: 15 questions; distribution has situational = 0 | M20: O
B21: Baseline coverage C# and SQL; HR focus Git 100% | N21: O
A22: Confirm | B22: Return
B23: Outline saved with the citation (chunk 2, excerpt, origin HR, why-asked); item 2 has none | F23: O
B24: 1 item; citation chunk 1 and excerpt read | G24: O
B25: 5 Code and 5 Text slots | H25: O
B26: 8 Text, 0 Code | I26: O
B27: 8 Code, 0 Text | J27: O
B28: Text, Code, Text, Code | K28: O
B29: HR answer methods kept: 1 Code, 4 Text | L29: O
B30: No exception; 15 questions; plan JSON written | M30: O
B31: Coverage and focus areas contain only Git | N31: O
A32: Result | B32: Type(N : Normal, A : Abnormal, B : Boundary) | F32: N | G32: N | H32: N | I32: N | J32: N | K32: N | L32: B | M32: B | N32: N
B33: Passed/Failed | F33: P | G33: P | H33: P | I33: P | J33: P | K33: P | L33: P | M33: P | N33: P
B34: Executed Date | F34: 15/09/2026 | G34: 15/09/2026 | H34: 15/09/2026 | I34: 15/09/2026 | J34: 15/09/2026 | K34: 15/09/2026 | L34: 15/09/2026 | M34: 15/09/2026 | N34: 15/09/2026
B35: Defect ID

Sheet BE-PlanSettingsSnapshot
A2: Function Code | C2: =Functions!E61 -> BE-STU-11 | F2: Function Name | L2: =Functions!D61 -> BuildFrom / EmbedInSourcePlanJson / TryExtract / IsStale
A3: Created By | C3: Nguyễn Minh Nam | F3: Executed By | L3: Hoàng Đăng Khoa
A4: Lines of code | C4: 76 | F4: Lack of test cases | L4: =IF(Functions!E6<>"N/A",SUM(C4*Functions!E6/1000,-O7),"N/A") -> 3.6
A5: Test requirement | C5: Snapshot the Studio settings used for a plan (with a fingerprint) and detect when the settings have changed since.
A6: Passed | C6: Failed | F6: Untested | L6: N/A/B | O6: Total Test Cases
A7: =COUNTIF(F23:T23,"P") -> 4 | C7: =COUNTIF(F23:T23,"F") -> 0 | F7: =SUM(O7,-A7,-C7) -> 0 | L7: =COUNTIF(F22:T22,"N") -> 4 | M7: =COUNTIF(F22:T22,"A") -> 0 | N7: =COUNTIF(F22:T22,"B") -> 0 | O7: =COUNTA(F9:T9) -> 4
F9: UTCID01 | G9: UTCID02 | H9: UTCID03 | I9: UTCID04
A10: Condition | B10: Precondition
B11: StudioSettings built in the test | F11: O | G11: O | H11: O | I11: O
B12: Input
B13: Settings with focus weights 0.6 (legacy) and 40 | F13: O
B14: Snapshot embedded into the plan JSON, then extracted | G14: O
B15: Number of questions changed from 10 to 12 after the snapshot | H15: O
B16: Settings unchanged | I16: O
A17: Confirm | B17: Return
B18: Weights 60 and 40; 64-character fingerprint | F18: O
B19: Same fingerprint | G19: O
B20: Stale = true | H20: O
B21: Stale = false | I21: O
A22: Result | B22: Type(N : Normal, A : Abnormal, B : Boundary) | F22: N | G22: N | H22: N | I22: N
B23: Passed/Failed | F23: P | G23: P | H23: P | I23: P
B24: Executed Date | F24: 15/09/2026 | G24: 15/09/2026 | H24: 15/09/2026 | I24: 15/09/2026
B25: Defect ID

Sheet BE-QuestionRegenHelper
A2: Function Code | C2: =Functions!E62 -> BE-STU-12 | F2: Function Name | L2: =Functions!D62 -> ResolveSlot / BuildSingleSlotApprovedPlan / ApplyRagResultToQuestion / NormalizeInstruction / BuildAvoidQuestionsNote / BuildRegenHrNote
A3: Created By | C3: Nguyễn Minh Nam | F3: Executed By | L3: Hoàng Đăng Khoa
A4: Lines of code | C4: 187 | F4: Lack of test cases | L4: =IF(Functions!E6<>"N/A",SUM(C4*Functions!E6/1000,-O7),"N/A") -> 11.7
A5: Test requirement | C5: Regenerate a single Studio question: find its outline slot, build a one-slot plan, apply the RAG result and build the HR note.
A6: Passed | C6: Failed | F6: Untested | L6: N/A/B | O6: Total Test Cases
A7: =COUNTIF(F29:T29,"P") -> 7 | C7: =COUNTIF(F29:T29,"F") -> 0 | F7: =SUM(O7,-A7,-C7) -> 0 | L7: =COUNTIF(F28:T28,"N") -> 4 | M7: =COUNTIF(F28:T28,"A") -> 0 | N7: =COUNTIF(F28:T28,"B") -> 3 | O7: =COUNTA(F9:T9) -> 7
F9: UTCID01 | G9: UTCID02 | H9: UTCID03 | I9: UTCID04 | J9: UTCID05 | K9: UTCID06 | L9: UTCID07
A10: Condition | B10: Precondition
B11: Static helper; question and plan JSON built in the test | F11: O | G11: O | H11: O | I11: O | J11: O | K11: O | L11: O
B12: Input
B13: Question at order 2; outline item 2 = SOLID, Code, with a citation | F13: O
B14: Plan with 30 questions + one OOP slot | G14: O
B15: RAG result with a different rationale; question has an attached image | H15: O
B16: Instruction " " / " Làm khó hơn \n " | I16: O
B17: ["Câu ngắn", blank, 200 characters, "Câu ba"]; max 3 items, 120 characters each | J17: O
B18: Empty list / only blank strings | K18: O
B19: Mixed mode, BUG_DETECTION, instruction "Làm khó hơn", avoid note | L19: O
A20: Confirm | B20: Return
B21: Slot order 2, skill SOLID, goal "Đánh giá SOLID", Code, 1 citation | F21: O
B22: Approved plan with totalQuestions 1 and one outline item OOP | G22: O
B23: Content and sample answer updated; rationale = slot goal; image path and template kept | H23: O
B24: null / "Làm khó hơn" | I24: O
B25: "AVOID_QUESTIONS=" note joined by |#|; blank skipped; long text cut with … | J25: O
B26: null | K26: O
B27: Note contains STUDIO_REGEN=1, HR_REGEN_NOTE and AVOID_QUESTIONS | L27: O
A28: Result | B28: Type(N : Normal, A : Abnormal, B : Boundary) | F28: N | G28: N | H28: N | I28: B | J28: B | K28: B | L28: N
B29: Passed/Failed | F29: P | G29: P | H29: P | I29: P | J29: P | K29: P | L29: P
B30: Executed Date | F30: 15/09/2026 | G30: 15/09/2026 | H30: 15/09/2026 | I30: 15/09/2026 | J30: 15/09/2026 | K30: 15/09/2026 | L30: 15/09/2026
B31: Defect ID

Sheet BE-QuestionTaxonomyMapper
A2: Function Code | C2: =Functions!E63 -> BE-STU-13 | F2: Function Name | L2: =Functions!D63 -> NormalizeCategory / LegacyTypeToCanonical / FromLegacyQuestionTypes / RescaleQuestionCounts / ToLegacyQuestionTypes
A3: Created By | C3: Nguyễn Minh Nam | F3: Executed By | L3: Hoàng Đăng Khoa
A4: Lines of code | C4: 112 | F4: Lack of test cases | L4: =IF(Functions!E6<>"N/A",SUM(C4*Functions!E6/1000,-O7),"N/A") -> 3.2
A5: Test requirement | C5: Map legacy question types to the canonical categories and styles, and rescale distribution counts to the question total.
A6: Passed | C6: Failed | F6: Untested | L6: N/A/B | O6: Total Test Cases
A7: =COUNTIF(F29:T29,"P") -> 8 | C7: =COUNTIF(F29:T29,"F") -> 0 | F7: =SUM(O7,-A7,-C7) -> 0 | L7: =COUNTIF(F28:T28,"N") -> 6 | M7: =COUNTIF(F28:T28,"A") -> 1 | N7: =COUNTIF(F28:T28,"B") -> 1 | O7: =COUNTA(F9:T9) -> 8
F9: UTCID01 | G9: UTCID02 | H9: UTCID03 | I9: UTCID04 | J9: UTCID05 | K9: UTCID06 | L9: UTCID07 | M9: UTCID08
A10: Condition | B10: Precondition
B11: Static mapper | F11: O | G11: O | H11: O | I11: O | J11: O | K11: O | L11: O | M11: O
B12: Input
B13: NormalizeCategory("system_design") | F13: O
B14: NormalizeCategory("problem_solving") | G14: O
B15: NormalizeCategory("behavioral") | H15: O
B16: NormalizeCategory("Hard") | I16: O
B17: LegacyTypeToCanonical("system_design") | J17: O
B18: Legacy types technical, system_design, problem_solving, behavioral; 10 questions | K18: O
B19: RAG counts 10 + 1 + 1 for a 10-question set | L19: O
B20: Distribution technical / behavioral / situational | M20: O
A21: Confirm | B21: Return
B22: Category "technical" | F22: O | G22: O | I22: O
B23: Category "behavioral" | H23: O
B24: Category technical, style system_design | J24: O
B25: 2 categories (technical, behavioral); styles system_design and problem_solving; 10 questions, 100% | K25: O
B26: Counts total 10 and percentages total 100 | L26: O
B27: 3 legacy types, all canonical | M27: O
A28: Result | B28: Type(N : Normal, A : Abnormal, B : Boundary) | F28: N | G28: N | H28: N | I28: A | J28: N | K28: N | L28: B | M28: N
B29: Passed/Failed | F29: P | G29: P | H29: P | I29: P | J29: P | K29: P | L29: P | M29: P
B30: Executed Date | F30: 15/09/2026 | G30: 15/09/2026 | H30: 15/09/2026 | I30: 15/09/2026 | J30: 15/09/2026 | K30: 15/09/2026 | L30: 15/09/2026 | M30: 15/09/2026
B31: Defect ID

Sheet BE-RagQuestionMapper
A2: Function Code | C2: =Functions!E64 -> BE-STU-14 | F2: Function Name | L2: =Functions!D64 -> ParseMeta / ExtractCitations / ExtractCitationsFromTagsJson / MapToStudioQuestionDto
A3: Created By | C3: Nguyễn Trung Hiền | F3: Executed By | L3: Hoàng Đăng Khoa
A4: Lines of code | C4: 49 | F4: Lack of test cases | L4: =IF(Functions!E6<>"N/A",SUM(C4*Functions!E6/1000,-O7),"N/A") -> 0.9
A5: Test requirement | C5: Read citation origin/provenance and question meta (rationale, skill, focus area) from a question's TagsJson.
A6: Passed | C6: Failed | F6: Untested | L6: N/A/B | O6: Total Test Cases
A7: =COUNTIF(F23:T23,"P") -> 4 | C7: =COUNTIF(F23:T23,"F") -> 0 | F7: =SUM(O7,-A7,-C7) -> 0 | L7: =COUNTIF(F22:T22,"N") -> 2 | M7: =COUNTIF(F22:T22,"A") -> 1 | N7: =COUNTIF(F22:T22,"B") -> 1 | O7: =COUNTA(F9:T9) -> 4
F9: UTCID01 | G9: UTCID02 | H9: UTCID03 | I9: UTCID04
A10: Condition | B10: Precondition
B11: Static mapper; TagsJson built in the test | F11: O | G11: O | H11: O | I11: O
B12: Input
B13: TagsJson with HR and SYSTEM citations and source provenance | F13: O
B14: Legacy citation with knowledgeBase system and no origin | G14: O
B15: TagsJson rationale "Đánh giá SOLID", skill SOLID, focusArea SRP | H15: O
B16: TagsJson with rationale only | I16: O
A17: Confirm | B17: Return
B18: 2 citations: HR (why-asked) and SYSTEM (knowledge base system); provenance present; no missing-admin warning | F18: O
B19: Origin inferred as SYSTEM | G19: O
B20: DTO rationale, skill SOLID and focus area SRP | H20: O
B21: Skill and focus area null | I21: O
A22: Result | B22: Type(N : Normal, A : Abnormal, B : Boundary) | F22: N | G22: B | H22: N | I22: A
B23: Passed/Failed | F23: P | G23: P | H23: P | I23: P
B24: Executed Date | F24: 15/09/2026 | G24: 15/09/2026 | H24: 15/09/2026 | I24: 15/09/2026
B25: Defect ID

Sheet BE-HrGenerateWindow
A2: Function Code | C2: =Functions!E65 -> BE-SUB-01 | F2: Function Name | L2: =Functions!D65 -> ResolveMax / IsCooldownActive / NextMark
A3: Created By | C3: Nguyễn Trung Hiền | F3: Executed By | L3: Hoàng Đăng Khoa
A4: Lines of code | C4: 32 | F4: Lack of test cases | L4: =IF(Functions!E6<>"N/A",SUM(C4*Functions!E6/1000,-O7),"N/A") -> -4.8
A5: Test requirement | C5: Track the HR question-set generation window: maximum per window, 24-hour cooldown and window reset after the cooldown.
A6: Passed | C6: Failed | F6: Untested | L6: N/A/B | O6: Total Test Cases
A7: =COUNTIF(F29:T29,"P") -> 8 | C7: =COUNTIF(F29:T29,"F") -> 0 | F7: =SUM(O7,-A7,-C7) -> 0 | L7: =COUNTIF(F28:T28,"N") -> 4 | M7: =COUNTIF(F28:T28,"A") -> 1 | N7: =COUNTIF(F28:T28,"B") -> 3 | O7: =COUNTA(F9:T9) -> 8
F9: UTCID01 | G9: UTCID02 | H9: UTCID03 | I9: UTCID04 | J9: UTCID05 | K9: UTCID06 | L9: UTCID07 | M9: UTCID08
A10: Condition | B10: Precondition
B11: Now = 18/08/2026 04:00 UTC; cooldown 24 hours | F11: O | G11: O | H11: O | I11: O | J11: O | K11: O | L11: O | M11: O
B12: Input
B13: GeneratePerWindow = 0 | F13: O
B14: GeneratePerWindow = 1 | G14: O
B15: GeneratePerWindow = 3 | H15: O
B16: No previous successful generation | I16: O
B17: Last success 1 hour ago | J17: O
B18: Last success 25 hours ago | K18: O
B19: Used 0, no last success, maximum 1 | L19: O
B20: Used 1, last success 25 hours ago, maximum 1 | M20: O
A21: Confirm | B21: Return
B22: Maximum 1 per window | F22: O | G22: O
B23: Maximum 3 per window | H23: O
B24: Cooldown not active | I24: O | K24: O
B25: Cooldown active | J25: O
B26: Used 1; last success = now | L26: O
B27: Window reset: used 1; last success = now | M27: O
A28: Result | B28: Type(N : Normal, A : Abnormal, B : Boundary) | F28: A | G28: B | H28: N | I28: N | J28: N | K28: B | L28: N | M28: B
B29: Passed/Failed | F29: P | G29: P | H29: P | I29: P | J29: P | K29: P | L29: P | M29: P
B30: Executed Date | F30: 15/09/2026 | G30: 15/09/2026 | H30: 15/09/2026 | I30: 15/09/2026 | J30: 15/09/2026 | K30: 15/09/2026 | L30: 15/09/2026 | M30: 15/09/2026
B31: Defect ID

Sheet BE-GateHrGenerateRegen
A2: Function Code | C2: =Functions!E66 -> BE-SUB-02 | F2: Function Name | L2: =Functions!D66 -> CheckGenerateSetAsync / CheckQuestionRegenAsync
A3: Created By | C3: Nguyễn Trung Hiền | F3: Executed By | L3: Hoàng Đăng Khoa
A4: Lines of code | C4: 45 | F4: Lack of test cases | L4: =IF(Functions!E6<>"N/A",SUM(C4*Functions!E6/1000,-O7),"N/A") -> -5.5
A5: Test requirement | C5: Block HR question-set generation and question regeneration according to the plan limits, cooldown and usage.
A6: Passed | C6: Failed | F6: Untested | L6: N/A/B | O6: Total Test Cases
A7: =COUNTIF(F30:T30,"P") -> 10 | C7: =COUNTIF(F30:T30,"F") -> 0 | F7: =SUM(O7,-A7,-C7) -> 0 | L7: =COUNTIF(F29:T29,"N") -> 4 | M7: =COUNTIF(F29:T29,"A") -> 2 | N7: =COUNTIF(F29:T29,"B") -> 4 | O7: =COUNTA(F9:T9) -> 10
F9: UTCID01 | G9: UTCID02 | H9: UTCID03 | I9: UTCID04 | J9: UTCID05 | K9: UTCID06 | L9: UTCID07 | M9: UTCID08 | N9: UTCID09 | O9: UTCID10
A10: Condition | B10: Precondition
B11: Usage metering is an in-memory fake returning the stated usage | F11: O | G11: O | H11: O | I11: O | J11: O | K11: O | L11: O | M11: O | N11: O | O11: O
B12: Input
B13: HR Free; no previous generation; window unused | F13: O
B14: HR Free; last generation 1 hour ago | G14: O
B15: HR Free; last generation 25 hours ago | H15: O
B16: HR Premium; generated just now | I16: O
B17: HR Free; window used 1 of 1; no last generation time | J17: O
B18: HR Free; window used 1 of 1; last generation 25 hours ago | K18: O
B19: HR Free; question regeneration used 2 of 2 | L19: O
B20: HR Free; question regeneration used 1 of 2 | M20: O
B21: HR Premium; question regeneration used 99 | N21: O
B22: HR Premium; window used 99 | O22: O
A23: Confirm | B23: Return
B24: Allowed (no exception) | F24: O | H24: O | I24: O | K24: O | M24: O | N24: O | O24: O
B25: Exception
B26: SubscriptionGateException CooldownActive; message mentions "1 lần" and "đánh giá JD" | G26: O
B27: SubscriptionGateException CooldownActive | J27: O
B28: SubscriptionGateException QuestionRegenLimit | L28: O
A29: Result | B29: Type(N : Normal, A : Abnormal, B : Boundary) | F29: N | G29: A | H29: B | I29: N | J29: A | K29: B | L29: B | M29: B | N29: N | O29: N
B30: Passed/Failed | F30: P | G30: P | H30: P | I30: P | J30: P | K30: P | L30: P | M30: P | N30: P | O30: P
B31: Executed Date | F31: 15/09/2026 | G31: 15/09/2026 | H31: 15/09/2026 | I31: 15/09/2026 | J31: 15/09/2026 | K31: 15/09/2026 | L31: 15/09/2026 | M31: 15/09/2026 | N31: 15/09/2026 | O31: 15/09/2026
B32: Defect ID

Sheet BE-GateCandidateCoach
A2: Function Code | C2: =Functions!E67 -> BE-SUB-03 | F2: Function Name | L2: =Functions!D67 -> CheckCoachGenerationAsync / CheckGeneratePersonalSetAsync
A3: Created By | C3: Nguyễn Trung Hiền | F3: Executed By | L3: Hoàng Đăng Khoa
A4: Lines of code | C4: 44 | F4: Lack of test cases | L4: =IF(Functions!E6<>"N/A",SUM(C4*Functions!E6/1000,-O7),"N/A") -> 0.4
A5: Test requirement | C5: Allow the candidate AI Coach and personal question sets only on the Premium plan, trusting the plan code over a stale limits snapshot.
A6: Passed | C6: Failed | F6: Untested | L6: N/A/B | O6: Total Test Cases
A7: =COUNTIF(F23:T23,"P") -> 4 | C7: =COUNTIF(F23:T23,"F") -> 0 | F7: =SUM(O7,-A7,-C7) -> 0 | L7: =COUNTIF(F22:T22,"N") -> 0 | M7: =COUNTIF(F22:T22,"A") -> 2 | N7: =COUNTIF(F22:T22,"B") -> 2 | O7: =COUNTA(F9:T9) -> 4
F9: UTCID01 | G9: UTCID02 | H9: UTCID03 | I9: UTCID04
A10: Condition | B10: Precondition
B11: Usage metering is an in-memory fake; limits snapshot = Candidate Free | F11: O | G11: O | H11: O | I11: O
B12: Input
B13: AI Coach; Candidate Premium plan with a stale Free snapshot | F13: O
B14: AI Coach; Candidate Free plan | G14: O
B15: AI Coach; expired Premium already downgraded to Free | H15: O
B16: Personal set; Candidate Premium with a stale Free snapshot; used 0 | I16: O
A17: Confirm | B17: Return
B18: Allowed (no exception) | F18: O | I18: O
B19: Exception
B20: SubscriptionGateException FeatureRequiresPremium mentioning AI Coach | G20: O
B21: SubscriptionGateException FeatureRequiresPremium | H21: O
A22: Result | B22: Type(N : Normal, A : Abnormal, B : Boundary) | F22: B | G22: A | H22: A | I22: B
B23: Passed/Failed | F23: P | G23: P | H23: P | I23: P
B24: Executed Date | F24: 15/09/2026 | G24: 15/09/2026 | H24: 15/09/2026 | I24: 15/09/2026
B25: Defect ID
